2025-02-17 22:27:33,952 - WARNING - Not Found: /img/testimonial-1.jpg
2025-02-17 22:27:33,965 - WARNING - Not Found: /img/payment.png
2025-02-17 22:27:34,270 - WARNING - Not Found: /img/testimonial-1.jpg
2025-02-17 22:27:34,468 - WARNING - Not Found: /img/testimonial-1.jpg
2025-02-17 22:27:34,707 - WARNING - Not Found: /favicon.ico
2025-02-17 22:27:37,827 - DEBUG - Starting new HTTPS connection (1): viacep.com.br:443
2025-02-17 22:27:38,196 - DEBUG - https://viacep.com.br:443 "GET /ws/58414565/json/ HTTP/1.1" 200 None
2025-02-17 22:28:39,349 - ERROR - Internal Server Error: /quantidade-carrinho/
Traceback (most recent call last):
  File "C:\Users\igorm\Documents\projetos\site-cecilie\venv\Lib\site-packages\django\core\handlers\exception.py", line 55, in inner
    response = get_response(request)
  File "C:\Users\igorm\Documents\projetos\site-cecilie\venv\Lib\site-packages\django\core\handlers\base.py", line 197, in _get_response
    response = wrapped_callback(request, *callback_args, **callback_kwargs)
  File "C:\Users\igorm\Documents\projetos\site-cecilie\carrinho\views.py", line 77, in obter_quantidade_carrinho_htmx
    user = Usuario.objects.get(username=usuario)
  File "C:\Users\igorm\Documents\projetos\site-cecilie\venv\Lib\site-packages\django\db\models\manager.py", line 87, in manager_method
    return getattr(self.get_queryset(), name)(*args, **kwargs)
           ~~~~~~~~~~~~~~~~~~~~~~~~~~~~~~~~~~^^^^^^^^^^^^^^^^^
  File "C:\Users\igorm\Documents\projetos\site-cecilie\venv\Lib\site-packages\django\db\models\query.py", line 649, in get
    raise self.model.DoesNotExist(
        "%s matching query does not exist." % self.model._meta.object_name
    )
authentication.models.Usuario.DoesNotExist: Usuario matching query does not exist.
2025-02-17 22:28:39,357 - ERROR - Internal Server Error: /produtos/
Traceback (most recent call last):
  File "C:\Users\igorm\Documents\projetos\site-cecilie\venv\Lib\site-packages\django\core\handlers\exception.py", line 55, in inner
    response = get_response(request)
  File "C:\Users\igorm\Documents\projetos\site-cecilie\venv\Lib\site-packages\django\core\handlers\base.py", line 197, in _get_response
    response = wrapped_callback(request, *callback_args, **callback_kwargs)
  File "C:\Users\igorm\Documents\projetos\site-cecilie\venv\Lib\site-packages\django\views\generic\base.py", line 104, in view
    return self.dispatch(request, *args, **kwargs)
           ~~~~~~~~~~~~~^^^^^^^^^^^^^^^^^^^^^^^^^^
  File "C:\Users\igorm\Documents\projetos\site-cecilie\venv\Lib\site-packages\django\views\generic\base.py", line 143, in dispatch
    return handler(request, *args, **kwargs)
  File "C:\Users\igorm\Documents\projetos\site-cecilie\produto\views.py", line 21, in get
    user = Usuario.objects.get(username=usuario)
  File "C:\Users\igorm\Documents\projetos\site-cecilie\venv\Lib\site-packages\django\db\models\manager.py", line 87, in manager_method
    return getattr(self.get_queryset(), name)(*args, **kwargs)
           ~~~~~~~~~~~~~~~~~~~~~~~~~~~~~~~~~~^^^^^^^^^^^^^^^^^
  File "C:\Users\igorm\Documents\projetos\site-cecilie\venv\Lib\site-packages\django\db\models\query.py", line 649, in get
    raise self.model.DoesNotExist(
        "%s matching query does not exist." % self.model._meta.object_name
    )
authentication.models.Usuario.DoesNotExist: Usuario matching query does not exist.
2025-02-17 22:28:56,924 - ERROR - Internal Server Error: /quantidade-carrinho/
Traceback (most recent call last):
  File "C:\Users\igorm\Documents\projetos\site-cecilie\venv\Lib\site-packages\django\core\handlers\exception.py", line 55, in inner
    response = get_response(request)
  File "C:\Users\igorm\Documents\projetos\site-cecilie\venv\Lib\site-packages\django\core\handlers\base.py", line 197, in _get_response
    response = wrapped_callback(request, *callback_args, **callback_kwargs)
  File "C:\Users\igorm\Documents\projetos\site-cecilie\carrinho\views.py", line 77, in obter_quantidade_carrinho_htmx
    user = Usuario.objects.get(username=usuario)
  File "C:\Users\igorm\Documents\projetos\site-cecilie\venv\Lib\site-packages\django\db\models\manager.py", line 87, in manager_method
    return getattr(self.get_queryset(), name)(*args, **kwargs)
           ~~~~~~~~~~~~~~~~~~~~~~~~~~~~~~~~~~^^^^^^^^^^^^^^^^^
  File "C:\Users\igorm\Documents\projetos\site-cecilie\venv\Lib\site-packages\django\db\models\query.py", line 649, in get
    raise self.model.DoesNotExist(
        "%s matching query does not exist." % self.model._meta.object_name
    )
authentication.models.Usuario.DoesNotExist: Usuario matching query does not exist.
2025-02-17 22:28:56,940 - ERROR - Internal Server Error: /produtos/
Traceback (most recent call last):
  File "C:\Users\igorm\Documents\projetos\site-cecilie\venv\Lib\site-packages\django\core\handlers\exception.py", line 55, in inner
    response = get_response(request)
  File "C:\Users\igorm\Documents\projetos\site-cecilie\venv\Lib\site-packages\django\core\handlers\base.py", line 197, in _get_response
    response = wrapped_callback(request, *callback_args, **callback_kwargs)
  File "C:\Users\igorm\Documents\projetos\site-cecilie\venv\Lib\site-packages\django\views\generic\base.py", line 104, in view
    return self.dispatch(request, *args, **kwargs)
           ~~~~~~~~~~~~~^^^^^^^^^^^^^^^^^^^^^^^^^^
  File "C:\Users\igorm\Documents\projetos\site-cecilie\venv\Lib\site-packages\django\views\generic\base.py", line 143, in dispatch
    return handler(request, *args, **kwargs)
  File "C:\Users\igorm\Documents\projetos\site-cecilie\produto\views.py", line 21, in get
    user = Usuario.objects.get(username=usuario)
  File "C:\Users\igorm\Documents\projetos\site-cecilie\venv\Lib\site-packages\django\db\models\manager.py", line 87, in manager_method
    return getattr(self.get_queryset(), name)(*args, **kwargs)
           ~~~~~~~~~~~~~~~~~~~~~~~~~~~~~~~~~~^^^^^^^^^^^^^^^^^
  File "C:\Users\igorm\Documents\projetos\site-cecilie\venv\Lib\site-packages\django\db\models\query.py", line 649, in get
    raise self.model.DoesNotExist(
        "%s matching query does not exist." % self.model._meta.object_name
    )
authentication.models.Usuario.DoesNotExist: Usuario matching query does not exist.
2025-02-17 22:29:38,378 - INFO - C:\Users\igorm\Documents\projetos\site-cecilie\produto\views.py changed, reloading.
2025-02-17 22:29:43,908 - INFO - C:\Users\igorm\Documents\projetos\site-cecilie\produto\views.py changed, reloading.
2025-02-17 22:29:48,543 - INFO - C:\Users\igorm\Documents\projetos\site-cecilie\produto\views.py changed, reloading.
2025-02-17 22:29:52,239 - INFO - C:\Users\igorm\Documents\projetos\site-cecilie\produto\views.py changed, reloading.
2025-02-17 22:29:57,715 - ERROR - Internal Server Error: /produtos/
Traceback (most recent call last):
  File "C:\Users\igorm\Documents\projetos\site-cecilie\venv\Lib\site-packages\django\core\handlers\exception.py", line 55, in inner
    response = get_response(request)
  File "C:\Users\igorm\Documents\projetos\site-cecilie\venv\Lib\site-packages\django\core\handlers\base.py", line 197, in _get_response
    response = wrapped_callback(request, *callback_args, **callback_kwargs)
  File "C:\Users\igorm\Documents\projetos\site-cecilie\venv\Lib\site-packages\django\views\generic\base.py", line 104, in view
    return self.dispatch(request, *args, **kwargs)
           ~~~~~~~~~~~~~^^^^^^^^^^^^^^^^^^^^^^^^^^
  File "C:\Users\igorm\Documents\projetos\site-cecilie\venv\Lib\site-packages\django\views\generic\base.py", line 143, in dispatch
    return handler(request, *args, **kwargs)
  File "C:\Users\igorm\Documents\projetos\site-cecilie\produto\views.py", line 46, in get
    #context['quantidade'] = sum(item.quantidade for item in itens)
NameError: name 'itens' is not defined. Did you mean: 'iter'?
2025-02-17 22:29:58,221 - ERROR - Internal Server Error: /produtos/
Traceback (most recent call last):
  File "C:\Users\igorm\Documents\projetos\site-cecilie\venv\Lib\site-packages\django\core\handlers\exception.py", line 55, in inner
    response = get_response(request)
  File "C:\Users\igorm\Documents\projetos\site-cecilie\venv\Lib\site-packages\django\core\handlers\base.py", line 197, in _get_response
    response = wrapped_callback(request, *callback_args, **callback_kwargs)
  File "C:\Users\igorm\Documents\projetos\site-cecilie\venv\Lib\site-packages\django\views\generic\base.py", line 104, in view
    return self.dispatch(request, *args, **kwargs)
           ~~~~~~~~~~~~~^^^^^^^^^^^^^^^^^^^^^^^^^^
  File "C:\Users\igorm\Documents\projetos\site-cecilie\venv\Lib\site-packages\django\views\generic\base.py", line 143, in dispatch
    return handler(request, *args, **kwargs)
  File "C:\Users\igorm\Documents\projetos\site-cecilie\produto\views.py", line 46, in get
    #context['quantidade'] = sum(item.quantidade for item in itens)
NameError: name 'itens' is not defined. Did you mean: 'iter'?
2025-02-17 22:29:58,387 - INFO - C:\Users\igorm\Documents\projetos\site-cecilie\produto\views.py changed, reloading.
2025-02-17 22:30:01,852 - WARNING - Not Found: /produtos/img/payment.png
2025-02-17 22:30:02,601 - INFO - C:\Users\igorm\Documents\projetos\site-cecilie\produto\views.py changed, reloading.
2025-02-17 22:30:07,194 - ERROR - Internal Server Error: /quantidade-carrinho/
Traceback (most recent call last):
  File "C:\Users\igorm\Documents\projetos\site-cecilie\venv\Lib\site-packages\django\core\handlers\exception.py", line 55, in inner
    response = get_response(request)
  File "C:\Users\igorm\Documents\projetos\site-cecilie\venv\Lib\site-packages\django\core\handlers\base.py", line 197, in _get_response
    response = wrapped_callback(request, *callback_args, **callback_kwargs)
  File "C:\Users\igorm\Documents\projetos\site-cecilie\carrinho\views.py", line 77, in obter_quantidade_carrinho_htmx
    user = Usuario.objects.get(username=usuario)
  File "C:\Users\igorm\Documents\projetos\site-cecilie\venv\Lib\site-packages\django\db\models\manager.py", line 87, in manager_method
    return getattr(self.get_queryset(), name)(*args, **kwargs)
           ~~~~~~~~~~~~~~~~~~~~~~~~~~~~~~~~~~^^^^^^^^^^^^^^^^^
  File "C:\Users\igorm\Documents\projetos\site-cecilie\venv\Lib\site-packages\django\db\models\query.py", line 649, in get
    raise self.model.DoesNotExist(
        "%s matching query does not exist." % self.model._meta.object_name
    )
authentication.models.Usuario.DoesNotExist: Usuario matching query does not exist.
2025-02-17 22:30:11,315 - ERROR - Internal Server Error: /produtos/
Traceback (most recent call last):
  File "C:\Users\igorm\Documents\projetos\site-cecilie\venv\Lib\site-packages\django\core\handlers\exception.py", line 55, in inner
    response = get_response(request)
  File "C:\Users\igorm\Documents\projetos\site-cecilie\venv\Lib\site-packages\django\core\handlers\base.py", line 197, in _get_response
    response = wrapped_callback(request, *callback_args, **callback_kwargs)
  File "C:\Users\igorm\Documents\projetos\site-cecilie\venv\Lib\site-packages\django\views\generic\base.py", line 104, in view
    return self.dispatch(request, *args, **kwargs)
           ~~~~~~~~~~~~~^^^^^^^^^^^^^^^^^^^^^^^^^^
  File "C:\Users\igorm\Documents\projetos\site-cecilie\venv\Lib\site-packages\django\views\generic\base.py", line 143, in dispatch
    return handler(request, *args, **kwargs)
  File "C:\Users\igorm\Documents\projetos\site-cecilie\produto\views.py", line 21, in get
    user = Usuario.objects.get(username=usuario)
  File "C:\Users\igorm\Documents\projetos\site-cecilie\venv\Lib\site-packages\django\db\models\manager.py", line 87, in manager_method
    return getattr(self.get_queryset(), name)(*args, **kwargs)
           ~~~~~~~~~~~~~~~~~~~~~~~~~~~~~~~~~~^^^^^^^^^^^^^^^^^
  File "C:\Users\igorm\Documents\projetos\site-cecilie\venv\Lib\site-packages\django\db\models\query.py", line 649, in get
    raise self.model.DoesNotExist(
        "%s matching query does not exist." % self.model._meta.object_name
    )
authentication.models.Usuario.DoesNotExist: Usuario matching query does not exist.
2025-02-17 22:30:12,068 - ERROR - Internal Server Error: /produtos/
Traceback (most recent call last):
  File "C:\Users\igorm\Documents\projetos\site-cecilie\venv\Lib\site-packages\django\core\handlers\exception.py", line 55, in inner
    response = get_response(request)
  File "C:\Users\igorm\Documents\projetos\site-cecilie\venv\Lib\site-packages\django\core\handlers\base.py", line 197, in _get_response
    response = wrapped_callback(request, *callback_args, **callback_kwargs)
  File "C:\Users\igorm\Documents\projetos\site-cecilie\venv\Lib\site-packages\django\views\generic\base.py", line 104, in view
    return self.dispatch(request, *args, **kwargs)
           ~~~~~~~~~~~~~^^^^^^^^^^^^^^^^^^^^^^^^^^
  File "C:\Users\igorm\Documents\projetos\site-cecilie\venv\Lib\site-packages\django\views\generic\base.py", line 143, in dispatch
    return handler(request, *args, **kwargs)
  File "C:\Users\igorm\Documents\projetos\site-cecilie\produto\views.py", line 21, in get
    user = Usuario.objects.get(username=usuario)
  File "C:\Users\igorm\Documents\projetos\site-cecilie\venv\Lib\site-packages\django\db\models\manager.py", line 87, in manager_method
    return getattr(self.get_queryset(), name)(*args, **kwargs)
           ~~~~~~~~~~~~~~~~~~~~~~~~~~~~~~~~~~^^^^^^^^^^^^^^^^^
  File "C:\Users\igorm\Documents\projetos\site-cecilie\venv\Lib\site-packages\django\db\models\query.py", line 649, in get
    raise self.model.DoesNotExist(
        "%s matching query does not exist." % self.model._meta.object_name
    )
authentication.models.Usuario.DoesNotExist: Usuario matching query does not exist.
2025-02-17 22:30:30,230 - WARNING - Not Found: /img/testimonial-1.jpg
2025-02-17 22:30:30,236 - WARNING - Not Found: /img/payment.png
2025-02-17 22:37:17,391 - WARNING - Not Found: /produtos/img/payment.png
2025-02-17 22:37:57,869 - INFO - Carrinho: 1, Criado agora? False
2025-02-17 22:37:59,374 - DEBUG - Starting new HTTPS connection (1): api.mercadopago.com:443
2025-02-17 22:37:59,795 - DEBUG - https://api.mercadopago.com:443 "POST /checkout/preferences HTTP/1.1" 400 93
2025-02-17 22:37:59,864 - WARNING - Not Found: /carrinho/img/payment.png
2025-02-17 22:38:09,895 - DEBUG - Starting new HTTPS connection (1): api.mercadopago.com:443
2025-02-17 22:38:10,237 - DEBUG - https://api.mercadopago.com:443 "POST /checkout/preferences HTTP/1.1" 400 93
2025-02-17 22:38:10,265 - WARNING - Not Found: /carrinho/img/payment.png
2025-02-17 22:38:12,755 - WARNING - Not Found: /produtos/img/payment.png
2025-02-17 22:39:58,746 - WARNING - Not Found: /produtos/img/payment.png
2025-02-17 22:39:59,477 - WARNING - Not Found: /produtos/img/payment.png
2025-02-17 22:40:50,702 - WARNING - Not Found: /produtos/img/payment.png
2025-02-17 22:40:51,143 - WARNING - Not Found: /produtos/img/payment.png
2025-02-17 22:40:51,556 - WARNING - Not Found: /produtos/img/payment.png
2025-02-17 22:40:52,512 - WARNING - Not Found: /produtos/img/payment.png
2025-02-17 22:40:52,833 - WARNING - Not Found: /produtos/img/payment.png
2025-02-17 22:40:53,116 - WARNING - Not Found: /produtos/img/payment.png
2025-02-17 22:41:09,573 - WARNING - Not Found: /produtos/img/payment.png
2025-02-17 22:41:09,882 - WARNING - Not Found: /produtos/img/payment.png
2025-02-17 22:41:10,107 - WARNING - Not Found: /produtos/img/payment.png
2025-02-17 22:41:10,280 - WARNING - Not Found: /produtos/img/payment.png
2025-02-17 22:41:10,883 - WARNING - Not Found: /produtos/img/payment.png
2025-02-17 22:41:28,135 - WARNING - Not Found: /produtos/img/payment.png
2025-02-17 22:41:28,686 - WARNING - Not Found: /produtos/img/payment.png
2025-02-17 22:41:38,147 - WARNING - Not Found: /produtos/img/payment.png
2025-02-17 22:41:38,346 - WARNING - Not Found: /produtos/img/payment.png
2025-02-17 22:41:38,497 - WARNING - Not Found: /produtos/img/payment.png
2025-02-17 22:41:38,665 - WARNING - Not Found: /produtos/img/payment.png
2025-02-17 22:41:38,849 - WARNING - Not Found: /produtos/img/payment.png
2025-02-17 22:42:42,137 - WARNING - Not Found: /produtos/img/payment.png
2025-02-17 22:42:42,934 - WARNING - Not Found: /produtos/img/payment.png
2025-02-17 22:42:45,221 - WARNING - Not Found: /produtos/img/payment.png
2025-02-17 22:42:54,149 - WARNING - Not Found: /produtos/img/payment.png
2025-02-17 22:42:57,410 - WARNING - Not Found: /produtos/img/payment.png
2025-02-17 22:42:57,769 - WARNING - Not Found: /produtos/img/payment.png
2025-02-17 22:43:02,768 - WARNING - Not Found: /produtos/img/payment.png
2025-02-17 22:43:03,039 - WARNING - Not Found: /produtos/img/payment.png
2025-02-17 22:43:16,631 - WARNING - Not Found: /produtos/img/payment.png
2025-02-17 22:43:16,880 - WARNING - Not Found: /produtos/img/payment.png
2025-02-17 22:43:17,098 - WARNING - Not Found: /produtos/img/payment.png
2025-02-17 22:43:18,038 - WARNING - Not Found: /produtos/img/payment.png
2025-02-17 22:43:24,743 - WARNING - Not Found: /produtos/img/payment.png
2025-02-17 22:43:24,971 - WARNING - Not Found: /produtos/img/payment.png
2025-02-17 22:43:44,800 - WARNING - Not Found: /produtos/img/payment.png
2025-02-17 22:43:45,290 - WARNING - Not Found: /produtos/img/payment.png
2025-02-17 22:43:52,782 - WARNING - Not Found: /produtos/img/payment.png
2025-02-17 22:43:53,042 - WARNING - Not Found: /produtos/img/payment.png
2025-02-17 22:43:53,245 - WARNING - Not Found: /produtos/img/payment.png
2025-02-17 22:43:53,430 - WARNING - Not Found: /produtos/img/payment.png
2025-02-17 22:43:53,576 - WARNING - Not Found: /produtos/img/payment.png
2025-02-17 22:43:53,780 - WARNING - Not Found: /produtos/img/payment.png
2025-02-17 22:43:53,966 - WARNING - Not Found: /produtos/img/payment.png
2025-02-17 22:43:54,149 - WARNING - Not Found: /produtos/img/payment.png
2025-02-17 22:43:54,446 - WARNING - Not Found: /produtos/img/payment.png
2025-02-17 22:43:54,642 - WARNING - Not Found: /produtos/img/payment.png
2025-02-17 22:43:54,823 - WARNING - Not Found: /produtos/img/payment.png
2025-02-17 22:43:54,970 - WARNING - Not Found: /produtos/img/payment.png
2025-02-17 22:43:55,114 - WARNING - Not Found: /produtos/img/payment.png
2025-02-17 22:44:08,247 - WARNING - Not Found: /produtos/img/payment.png
2025-02-17 22:44:08,534 - WARNING - Not Found: /produtos/img/payment.png
2025-02-17 22:44:08,729 - WARNING - Not Found: /produtos/img/payment.png
2025-02-17 22:44:08,864 - WARNING - Not Found: /produtos/img/payment.png
2025-02-17 22:44:09,050 - WARNING - Not Found: /produtos/img/payment.png
2025-02-17 22:44:24,589 - WARNING - Not Found: /produtos/img/payment.png
2025-02-17 22:44:24,926 - WARNING - Not Found: /produtos/img/payment.png
2025-02-17 22:44:25,138 - WARNING - Not Found: /produtos/img/payment.png
2025-02-17 22:44:25,317 - WARNING - Not Found: /produtos/img/payment.png
2025-02-17 22:44:25,493 - WARNING - Not Found: /produtos/img/payment.png
2025-02-17 22:44:25,712 - WARNING - Not Found: /produtos/img/payment.png
2025-02-17 22:44:25,893 - WARNING - Not Found: /produtos/img/payment.png
2025-02-17 22:44:26,118 - WARNING - Not Found: /produtos/img/payment.png
2025-02-17 22:44:43,097 - WARNING - Not Found: /produtos/img/payment.png
2025-02-17 22:44:43,327 - WARNING - Not Found: /produtos/img/payment.png
2025-02-17 22:44:43,479 - WARNING - Not Found: /produtos/img/payment.png
2025-02-17 22:44:43,661 - WARNING - Not Found: /produtos/img/payment.png
2025-02-17 22:44:59,902 - WARNING - Not Found: /produtos/img/payment.png
2025-02-17 22:45:00,059 - WARNING - Not Found: /produtos/img/payment.png
2025-02-17 22:45:00,199 - WARNING - Not Found: /produtos/img/payment.png
2025-02-17 22:45:00,373 - WARNING - Not Found: /produtos/img/payment.png
2025-02-17 22:46:22,186 - INFO - C:\Users\igorm\Documents\projetos\site-cecilie\produto\views.py changed, reloading.
2025-02-17 22:46:41,094 - INFO - C:\Users\igorm\Documents\projetos\site-cecilie\produto\views.py changed, reloading.
2025-02-17 22:46:44,661 - INFO - C:\Users\igorm\Documents\projetos\site-cecilie\produto\views.py changed, reloading.
2025-02-17 22:46:56,463 - WARNING - Not Found: /produtos/img/payment.png
2025-02-17 22:47:38,666 - WARNING - Not Found: /produtos/img/payment.png
2025-02-17 22:47:39,275 - WARNING - Not Found: /produtos/img/payment.png
2025-02-17 22:47:39,877 - WARNING - Not Found: /produtos/img/payment.png
2025-02-17 22:47:40,037 - WARNING - Not Found: /produtos/img/payment.png
2025-02-17 22:47:53,899 - WARNING - Not Found: /produtos/img/payment.png
2025-02-17 22:47:54,116 - WARNING - Not Found: /produtos/img/payment.png
2025-02-17 22:47:54,249 - WARNING - Not Found: /produtos/img/payment.png
2025-02-17 22:47:54,417 - WARNING - Not Found: /produtos/img/payment.png
2025-02-17 22:47:54,622 - WARNING - Not Found: /produtos/img/payment.png
2025-02-17 22:47:54,780 - WARNING - Not Found: /produtos/img/payment.png
2025-02-17 22:47:54,985 - WARNING - Not Found: /produtos/img/payment.png
2025-02-17 22:47:55,147 - WARNING - Not Found: /produtos/img/payment.png
2025-02-17 22:47:55,352 - WARNING - Not Found: /produtos/img/payment.png
2025-02-17 22:47:57,456 - WARNING - Not Found: /produtos/img/payment.png
2025-02-17 22:48:49,455 - INFO - C:\Users\igorm\Documents\projetos\site-cecilie\produto\views.py changed, reloading.
2025-02-17 22:48:59,333 - INFO - C:\Users\igorm\Documents\projetos\site-cecilie\produto\views.py changed, reloading.
2025-02-17 22:50:36,062 - INFO - C:\Users\igorm\Documents\projetos\site-cecilie\produto\views.py changed, reloading.
2025-02-17 22:50:39,468 - INFO - C:\Users\igorm\Documents\projetos\site-cecilie\produto\views.py changed, reloading.
2025-02-17 22:50:43,967 - INFO - C:\Users\igorm\Documents\projetos\site-cecilie\produto\views.py changed, reloading.
2025-02-17 22:51:15,555 - INFO - C:\Users\igorm\Documents\projetos\site-cecilie\produto\views.py changed, reloading.
2025-02-17 22:52:03,729 - INFO - C:\Users\igorm\Documents\projetos\site-cecilie\produto\views.py changed, reloading.
2025-02-17 22:52:07,481 - INFO - C:\Users\igorm\Documents\projetos\site-cecilie\produto\views.py changed, reloading.
2025-02-17 22:52:22,761 - INFO - C:\Users\igorm\Documents\projetos\site-cecilie\produto\views.py changed, reloading.
2025-02-17 22:52:33,619 - INFO - C:\Users\igorm\Documents\projetos\site-cecilie\produto\views.py changed, reloading.
2025-02-17 22:52:52,711 - WARNING - Not Found: /produtos/img/payment.png
2025-02-17 22:52:54,697 - WARNING - Not Found: /produtos/img/payment.png
2025-02-17 22:54:28,830 - WARNING - Not Found: /produtos/img/payment.png
2025-02-17 22:54:31,922 - DEBUG - Starting new HTTPS connection (1): viacep.com.br:443
2025-02-17 22:54:32,293 - DEBUG - https://viacep.com.br:443 "GET /ws/None/json/ HTTP/1.1" 400 494
2025-02-17 22:54:32,294 - ERROR - Internal Server Error: /produtos/
2025-02-17 22:55:13,530 - DEBUG - Starting new HTTPS connection (1): viacep.com.br:443
2025-02-17 22:55:14,532 - DEBUG - https://viacep.com.br:443 "GET /ws/None/json/ HTTP/1.1" 400 494
2025-02-17 22:55:14,533 - ERROR - Internal Server Error: /produtos/
2025-02-17 22:55:37,710 - INFO - C:\Users\igorm\Documents\projetos\site-cecilie\produto\views.py changed, reloading.
2025-02-17 22:55:41,303 - WARNING - Not Found: /produtos/img/payment.png
2025-02-17 22:55:43,395 - DEBUG - Starting new HTTPS connection (1): viacep.com.br:443
2025-02-17 22:55:43,708 - DEBUG - https://viacep.com.br:443 "GET /ws//json/ HTTP/1.1" 400 494
2025-02-17 22:55:43,709 - ERROR - Internal Server Error: /produtos/
2025-02-17 22:55:49,925 - DEBUG - Starting new HTTPS connection (1): viacep.com.br:443
2025-02-17 22:55:50,249 - DEBUG - https://viacep.com.br:443 "GET /ws/60000-000/json/ HTTP/1.1" 200 None
2025-02-17 22:55:50,274 - ERROR - Internal Server Error: /produtos/
Traceback (most recent call last):
  File "C:\Users\igorm\Documents\projetos\site-cecilie\venv\Lib\site-packages\django\core\handlers\exception.py", line 55, in inner
    response = get_response(request)
  File "C:\Users\igorm\Documents\projetos\site-cecilie\venv\Lib\site-packages\django\core\handlers\base.py", line 197, in _get_response
    response = wrapped_callback(request, *callback_args, **callback_kwargs)
  File "C:\Users\igorm\Documents\projetos\site-cecilie\venv\Lib\site-packages\django\views\generic\base.py", line 104, in view
    return self.dispatch(request, *args, **kwargs)
           ~~~~~~~~~~~~~^^^^^^^^^^^^^^^^^^^^^^^^^^
  File "C:\Users\igorm\Documents\projetos\site-cecilie\venv\Lib\site-packages\django\views\generic\base.py", line 143, in dispatch
    return handler(request, *args, **kwargs)
  File "C:\Users\igorm\Documents\projetos\site-cecilie\produto\views.py", line 83, in post
    if data['localidade'] in cidades_rm_fortaleza:
       ~~~~^^^^^^^^^^^^^^
KeyError: 'localidade'
2025-02-17 22:56:25,448 - WARNING - Not Found: /produtos/img/payment.png
2025-02-17 22:56:27,150 - DEBUG - Starting new HTTPS connection (1): viacep.com.br:443
2025-02-17 22:56:27,472 - DEBUG - https://viacep.com.br:443 "GET /ws/58414565/json/ HTTP/1.1" 200 None
2025-02-17 22:56:52,083 - ERROR - Internal Server Error: /produtos/
2025-02-17 22:57:13,397 - DEBUG - Starting new HTTPS connection (1): viacep.com.br:443
2025-02-17 22:57:13,722 - DEBUG - https://viacep.com.br:443 "GET /ws/60000-000/json/ HTTP/1.1" 200 None
2025-02-17 22:57:34,603 - DEBUG - Starting new HTTPS connection (1): viacep.com.br:443
2025-02-17 22:57:34,926 - ERROR - Internal Server Error: /produtos/
Traceback (most recent call last):
  File "c:\Users\igorm\Documents\projetos\site-cecilie\venv\Lib\site-packages\django\core\handlers\exception.py", line 55, in inner
    response = get_response(request)
  File "c:\Users\igorm\Documents\projetos\site-cecilie\venv\Lib\site-packages\django\core\handlers\base.py", line 197, in _get_response
    response = wrapped_callback(request, *callback_args, **callback_kwargs)
  File "c:\Users\igorm\Documents\projetos\site-cecilie\venv\Lib\site-packages\django\views\generic\base.py", line 104, in view
    return self.dispatch(request, *args, **kwargs)
           ~~~~~~~~~~~~~^^^^^^^^^^^^^^^^^^^^^^^^^^
  File "c:\Users\igorm\Documents\projetos\site-cecilie\venv\Lib\site-packages\django\views\generic\base.py", line 143, in dispatch
    return handler(request, *args, **kwargs)
  File "C:\Users\igorm\Documents\projetos\site-cecilie\produto\views.py", line 83, in post
    if data['localidade'] in cidades_rm_fortaleza:
       ~~~~^^^^^^^^^^^^^^
KeyError: 'localidade'
2025-02-17 22:57:34,941 - DEBUG - https://viacep.com.br:443 "GET /ws/60000000/json/ HTTP/1.1" 200 None
2025-02-17 22:57:39,443 - DEBUG - Encoding detection: ascii is most likely the one.
2025-02-17 22:57:40,596 - DEBUG - Encoding detection: ascii is most likely the one.
2025-02-17 22:57:41,296 - DEBUG - Encoding detection: ascii is most likely the one.
2025-02-17 22:57:41,329 - DEBUG - Encoding detection: ascii is most likely the one.
2025-02-17 22:59:53,844 - DEBUG - Starting new HTTPS connection (1): viacep.com.br:443
2025-02-17 22:59:53,918 - WARNING - Not Found: /produtos/index.html
2025-02-17 22:59:54,040 - ERROR - Internal Server Error: /produtos/
Traceback (most recent call last):
  File "c:\Users\igorm\Documents\projetos\site-cecilie\venv\Lib\site-packages\django\core\handlers\exception.py", line 55, in inner
    response = get_response(request)
  File "c:\Users\igorm\Documents\projetos\site-cecilie\venv\Lib\site-packages\django\core\handlers\base.py", line 197, in _get_response
    response = wrapped_callback(request, *callback_args, **callback_kwargs)
  File "c:\Users\igorm\Documents\projetos\site-cecilie\venv\Lib\site-packages\django\views\generic\base.py", line 104, in view
    return self.dispatch(request, *args, **kwargs)
           ~~~~~~~~~~~~~^^^^^^^^^^^^^^^^^^^^^^^^^^
  File "c:\Users\igorm\Documents\projetos\site-cecilie\venv\Lib\site-packages\django\views\generic\base.py", line 143, in dispatch
    return handler(request, *args, **kwargs)
  File "C:\Users\igorm\Documents\projetos\site-cecilie\produto\views.py", line 83, in post
    if data['localidade'] in cidades_rm_fortaleza:
       ~~~~^^^^^^^^^^^^^^
KeyError: 'localidade'
2025-02-17 22:59:54,252 - DEBUG - https://viacep.com.br:443 "GET /ws/60000000/json/ HTTP/1.1" 200 None
2025-02-17 23:00:08,834 - WARNING - Not Found: /img/testimonial-1.jpg
2025-02-17 23:00:08,905 - WARNING - Not Found: /img/payment.png
2025-02-17 23:00:09,032 - ERROR - Internal Server Error: /produtos/
Traceback (most recent call last):
  File "c:\Users\igorm\Documents\projetos\site-cecilie\venv\Lib\site-packages\django\core\handlers\exception.py", line 55, in inner
    response = get_response(request)
  File "c:\Users\igorm\Documents\projetos\site-cecilie\venv\Lib\site-packages\django\core\handlers\base.py", line 197, in _get_response
    response = wrapped_callback(request, *callback_args, **callback_kwargs)
  File "c:\Users\igorm\Documents\projetos\site-cecilie\venv\Lib\site-packages\django\views\generic\base.py", line 104, in view
    return self.dispatch(request, *args, **kwargs)
           ~~~~~~~~~~~~~^^^^^^^^^^^^^^^^^^^^^^^^^^
  File "c:\Users\igorm\Documents\projetos\site-cecilie\venv\Lib\site-packages\django\views\generic\base.py", line 143, in dispatch
    return handler(request, *args, **kwargs)
  File "C:\Users\igorm\Documents\projetos\site-cecilie\produto\views.py", line 83, in post
    if data['localidade'] in cidades_rm_fortaleza:
       ~~~~^^^^^^^^^^^^^^
KeyError: 'localidade'
2025-02-17 23:00:09,096 - WARNING - Not Found: /img/testimonial-1.jpg
2025-02-17 23:00:31,832 - DEBUG - Starting new HTTPS connection (1): viacep.com.br:443
2025-02-17 23:00:32,150 - DEBUG - https://viacep.com.br:443 "GET /ws/58414565/json/ HTTP/1.1" 200 None
2025-02-17 23:02:12,821 - WARNING - Not Found: /img/testimonial-1.jpg
2025-02-17 23:02:12,823 - WARNING - Not Found: /img/payment.png
2025-02-17 23:02:14,387 - WARNING - Not Found: /produtos/img/payment.png
2025-02-17 23:02:41,887 - WARNING - Not Found: /produtos/img/payment.png
2025-02-17 23:02:42,446 - WARNING - Not Found: /produtos/img/payment.png
2025-02-17 23:02:42,691 - WARNING - Not Found: /produtos/img/payment.png
2025-02-17 23:02:42,990 - WARNING - Not Found: /produtos/img/payment.png
2025-02-17 23:03:31,296 - WARNING - Not Found: /produtos/img/payment.png
2025-02-17 23:03:47,195 - WARNING - Not Found: /produtos/img/payment.png
2025-02-17 23:03:47,416 - INFO - C:\Users\igorm\Documents\projetos\site-cecilie\produto\views.py changed, reloading.
2025-02-17 23:03:49,750 - WARNING - Not Found: /produtos/img/payment.png
2025-02-17 23:04:27,732 - WARNING - Not Found: /produtos/img/payment.png
2025-02-17 23:04:39,791 - WARNING - Not Found: /produtos/img/payment.png
2025-02-17 23:04:41,454 - DEBUG - Starting new HTTPS connection (1): viacep.com.br:443
2025-02-17 23:04:41,775 - DEBUG - https://viacep.com.br:443 "GET /ws/58414565/json/ HTTP/1.1" 200 None
2025-02-17 23:04:45,667 - DEBUG - Encoding detection: utf_8 is most likely the one.
2025-02-17 23:04:48,555 - DEBUG - Encoding detection: utf_8 is most likely the one.
2025-02-17 23:05:10,366 - DEBUG - Starting new HTTPS connection (1): viacep.com.br:443
2025-02-17 23:05:10,692 - DEBUG - https://viacep.com.br:443 "GET /ws/58414565/json/ HTTP/1.1" 200 None
2025-02-17 23:05:48,724 - ERROR - Internal Server Error: /produtos/
Traceback (most recent call last):
  File "c:\Users\igorm\Documents\projetos\site-cecilie\venv\Lib\site-packages\django\core\handlers\exception.py", line 55, in inner
    response = get_response(request)
  File "c:\Users\igorm\Documents\projetos\site-cecilie\venv\Lib\site-packages\django\core\handlers\base.py", line 197, in _get_response
    response = wrapped_callback(request, *callback_args, **callback_kwargs)
  File "c:\Users\igorm\Documents\projetos\site-cecilie\venv\Lib\site-packages\django\views\generic\base.py", line 104, in view
    return self.dispatch(request, *args, **kwargs)
           ~~~~~~~~~~~~~^^^^^^^^^^^^^^^^^^^^^^^^^^
  File "c:\Users\igorm\Documents\projetos\site-cecilie\venv\Lib\site-packages\django\views\generic\base.py", line 143, in dispatch
    return handler(request, *args, **kwargs)
  File "C:\Users\igorm\Documents\projetos\site-cecilie\produto\views.py", line 49, in get
    return render(request, self.template_name, context)
  File "c:\Users\igorm\Documents\projetos\site-cecilie\venv\Lib\site-packages\django\shortcuts.py", line 25, in render
    content = loader.render_to_string(template_name, context, request, using=using)
  File "c:\Users\igorm\Documents\projetos\site-cecilie\venv\Lib\site-packages\django\template\loader.py", line 62, in render_to_string
    return template.render(context, request)
           ~~~~~~~~~~~~~~~^^^^^^^^^^^^^^^^^^
  File "c:\Users\igorm\Documents\projetos\site-cecilie\venv\Lib\site-packages\django\template\backends\django.py", line 107, in render
    return self.template.render(context)
           ~~~~~~~~~~~~~~~~~~~~^^^^^^^^^
  File "c:\Users\igorm\Documents\projetos\site-cecilie\venv\Lib\site-packages\django\template\base.py", line 171, in render
    return self._render(context)
           ~~~~~~~~~~~~^^^^^^^^^
  File "c:\Users\igorm\Documents\projetos\site-cecilie\venv\Lib\site-packages\django\template\base.py", line 163, in _render
    return self.nodelist.render(context)
           ~~~~~~~~~~~~~~~~~~~~^^^^^^^^^
  File "c:\Users\igorm\Documents\projetos\site-cecilie\venv\Lib\site-packages\django\template\base.py", line 1008, in render
    return SafeString("".join([node.render_annotated(context) for node in self]))
                               ~~~~~~~~~~~~~~~~~~~~~^^^^^^^^^
  File "c:\Users\igorm\Documents\projetos\site-cecilie\venv\Lib\site-packages\django\template\base.py", line 969, in render_annotated
    return self.render(context)
           ~~~~~~~~~~~^^^^^^^^^
  File "c:\Users\igorm\Documents\projetos\site-cecilie\venv\Lib\site-packages\django\template\loader_tags.py", line 159, in render
    return compiled_parent._render(context)
           ~~~~~~~~~~~~~~~~~~~~~~~^^^^^^^^^
  File "c:\Users\igorm\Documents\projetos\site-cecilie\venv\Lib\site-packages\django\template\base.py", line 163, in _render
    return self.nodelist.render(context)
           ~~~~~~~~~~~~~~~~~~~~^^^^^^^^^
  File "c:\Users\igorm\Documents\projetos\site-cecilie\venv\Lib\site-packages\django\template\base.py", line 1008, in render
    return SafeString("".join([node.render_annotated(context) for node in self]))
                               ~~~~~~~~~~~~~~~~~~~~~^^^^^^^^^
  File "c:\Users\igorm\Documents\projetos\site-cecilie\venv\Lib\site-packages\django\template\base.py", line 969, in render_annotated
    return self.render(context)
           ~~~~~~~~~~~^^^^^^^^^
  File "c:\Users\igorm\Documents\projetos\site-cecilie\venv\Lib\site-packages\django\template\loader_tags.py", line 65, in render
    result = block.nodelist.render(context)
  File "c:\Users\igorm\Documents\projetos\site-cecilie\venv\Lib\site-packages\django\template\base.py", line 1008, in render
    return SafeString("".join([node.render_annotated(context) for node in self]))
                               ~~~~~~~~~~~~~~~~~~~~~^^^^^^^^^
  File "c:\Users\igorm\Documents\projetos\site-cecilie\venv\Lib\site-packages\django\template\base.py", line 969, in render_annotated
    return self.render(context)
           ~~~~~~~~~~~^^^^^^^^^
  File "c:\Users\igorm\Documents\projetos\site-cecilie\venv\Lib\site-packages\django\template\loader_tags.py", line 210, in render
    return template.render(context)
           ~~~~~~~~~~~~~~~^^^^^^^^^
  File "c:\Users\igorm\Documents\projetos\site-cecilie\venv\Lib\site-packages\django\template\base.py", line 173, in render
    return self._render(context)
           ~~~~~~~~~~~~^^^^^^^^^
  File "c:\Users\igorm\Documents\projetos\site-cecilie\venv\Lib\site-packages\django\template\base.py", line 163, in _render
    return self.nodelist.render(context)
           ~~~~~~~~~~~~~~~~~~~~^^^^^^^^^
  File "c:\Users\igorm\Documents\projetos\site-cecilie\venv\Lib\site-packages\django\template\base.py", line 1008, in render
    return SafeString("".join([node.render_annotated(context) for node in self]))
                               ~~~~~~~~~~~~~~~~~~~~~^^^^^^^^^
  File "c:\Users\igorm\Documents\projetos\site-cecilie\venv\Lib\site-packages\django\template\base.py", line 969, in render_annotated
    return self.render(context)
           ~~~~~~~~~~~^^^^^^^^^
  File "c:\Users\igorm\Documents\projetos\site-cecilie\venv\Lib\site-packages\django\template\defaulttags.py", line 480, in render
    url = reverse(view_name, args=args, kwargs=kwargs, current_app=current_app)
  File "c:\Users\igorm\Documents\projetos\site-cecilie\venv\Lib\site-packages\django\urls\base.py", line 88, in reverse
    return resolver._reverse_with_prefix(view, prefix, *args, **kwargs)
           ~~~~~~~~~~~~~~~~~~~~~~~~~~~~~^^^^^^^^^^^^^^^^^^^^^^^^^^^^^^^
  File "c:\Users\igorm\Documents\projetos\site-cecilie\venv\Lib\site-packages\django\urls\resolvers.py", line 831, in _reverse_with_prefix
    raise NoReverseMatch(msg)
django.urls.exceptions.NoReverseMatch: Reverse for 'produts' not found. 'produts' is not a valid view function or pattern name.
2025-02-17 23:05:50,726 - ERROR - Internal Server Error: /produtos/
Traceback (most recent call last):
  File "c:\Users\igorm\Documents\projetos\site-cecilie\venv\Lib\site-packages\django\core\handlers\exception.py", line 55, in inner
    response = get_response(request)
  File "c:\Users\igorm\Documents\projetos\site-cecilie\venv\Lib\site-packages\django\core\handlers\base.py", line 197, in _get_response
    response = wrapped_callback(request, *callback_args, **callback_kwargs)
  File "c:\Users\igorm\Documents\projetos\site-cecilie\venv\Lib\site-packages\django\views\generic\base.py", line 104, in view
    return self.dispatch(request, *args, **kwargs)
           ~~~~~~~~~~~~~^^^^^^^^^^^^^^^^^^^^^^^^^^
  File "c:\Users\igorm\Documents\projetos\site-cecilie\venv\Lib\site-packages\django\views\generic\base.py", line 143, in dispatch
    return handler(request, *args, **kwargs)
  File "C:\Users\igorm\Documents\projetos\site-cecilie\produto\views.py", line 49, in get
    return render(request, self.template_name, context)
  File "c:\Users\igorm\Documents\projetos\site-cecilie\venv\Lib\site-packages\django\shortcuts.py", line 25, in render
    content = loader.render_to_string(template_name, context, request, using=using)
  File "c:\Users\igorm\Documents\projetos\site-cecilie\venv\Lib\site-packages\django\template\loader.py", line 62, in render_to_string
    return template.render(context, request)
           ~~~~~~~~~~~~~~~^^^^^^^^^^^^^^^^^^
  File "c:\Users\igorm\Documents\projetos\site-cecilie\venv\Lib\site-packages\django\template\backends\django.py", line 107, in render
    return self.template.render(context)
           ~~~~~~~~~~~~~~~~~~~~^^^^^^^^^
  File "c:\Users\igorm\Documents\projetos\site-cecilie\venv\Lib\site-packages\django\template\base.py", line 171, in render
    return self._render(context)
           ~~~~~~~~~~~~^^^^^^^^^
  File "c:\Users\igorm\Documents\projetos\site-cecilie\venv\Lib\site-packages\django\template\base.py", line 163, in _render
    return self.nodelist.render(context)
           ~~~~~~~~~~~~~~~~~~~~^^^^^^^^^
  File "c:\Users\igorm\Documents\projetos\site-cecilie\venv\Lib\site-packages\django\template\base.py", line 1008, in render
    return SafeString("".join([node.render_annotated(context) for node in self]))
                               ~~~~~~~~~~~~~~~~~~~~~^^^^^^^^^
  File "c:\Users\igorm\Documents\projetos\site-cecilie\venv\Lib\site-packages\django\template\base.py", line 969, in render_annotated
    return self.render(context)
           ~~~~~~~~~~~^^^^^^^^^
  File "c:\Users\igorm\Documents\projetos\site-cecilie\venv\Lib\site-packages\django\template\loader_tags.py", line 159, in render
    return compiled_parent._render(context)
           ~~~~~~~~~~~~~~~~~~~~~~~^^^^^^^^^
  File "c:\Users\igorm\Documents\projetos\site-cecilie\venv\Lib\site-packages\django\template\base.py", line 163, in _render
    return self.nodelist.render(context)
           ~~~~~~~~~~~~~~~~~~~~^^^^^^^^^
  File "c:\Users\igorm\Documents\projetos\site-cecilie\venv\Lib\site-packages\django\template\base.py", line 1008, in render
    return SafeString("".join([node.render_annotated(context) for node in self]))
                               ~~~~~~~~~~~~~~~~~~~~~^^^^^^^^^
  File "c:\Users\igorm\Documents\projetos\site-cecilie\venv\Lib\site-packages\django\template\base.py", line 969, in render_annotated
    return self.render(context)
           ~~~~~~~~~~~^^^^^^^^^
  File "c:\Users\igorm\Documents\projetos\site-cecilie\venv\Lib\site-packages\django\template\loader_tags.py", line 65, in render
    result = block.nodelist.render(context)
  File "c:\Users\igorm\Documents\projetos\site-cecilie\venv\Lib\site-packages\django\template\base.py", line 1008, in render
    return SafeString("".join([node.render_annotated(context) for node in self]))
                               ~~~~~~~~~~~~~~~~~~~~~^^^^^^^^^
  File "c:\Users\igorm\Documents\projetos\site-cecilie\venv\Lib\site-packages\django\template\base.py", line 969, in render_annotated
    return self.render(context)
           ~~~~~~~~~~~^^^^^^^^^
  File "c:\Users\igorm\Documents\projetos\site-cecilie\venv\Lib\site-packages\django\template\loader_tags.py", line 210, in render
    return template.render(context)
           ~~~~~~~~~~~~~~~^^^^^^^^^
  File "c:\Users\igorm\Documents\projetos\site-cecilie\venv\Lib\site-packages\django\template\base.py", line 173, in render
    return self._render(context)
           ~~~~~~~~~~~~^^^^^^^^^
  File "c:\Users\igorm\Documents\projetos\site-cecilie\venv\Lib\site-packages\django\template\base.py", line 163, in _render
    return self.nodelist.render(context)
           ~~~~~~~~~~~~~~~~~~~~^^^^^^^^^
  File "c:\Users\igorm\Documents\projetos\site-cecilie\venv\Lib\site-packages\django\template\base.py", line 1008, in render
    return SafeString("".join([node.render_annotated(context) for node in self]))
                               ~~~~~~~~~~~~~~~~~~~~~^^^^^^^^^
  File "c:\Users\igorm\Documents\projetos\site-cecilie\venv\Lib\site-packages\django\template\base.py", line 969, in render_annotated
    return self.render(context)
           ~~~~~~~~~~~^^^^^^^^^
  File "c:\Users\igorm\Documents\projetos\site-cecilie\venv\Lib\site-packages\django\template\defaulttags.py", line 480, in render
    url = reverse(view_name, args=args, kwargs=kwargs, current_app=current_app)
  File "c:\Users\igorm\Documents\projetos\site-cecilie\venv\Lib\site-packages\django\urls\base.py", line 88, in reverse
    return resolver._reverse_with_prefix(view, prefix, *args, **kwargs)
           ~~~~~~~~~~~~~~~~~~~~~~~~~~~~~^^^^^^^^^^^^^^^^^^^^^^^^^^^^^^^
  File "c:\Users\igorm\Documents\projetos\site-cecilie\venv\Lib\site-packages\django\urls\resolvers.py", line 831, in _reverse_with_prefix
    raise NoReverseMatch(msg)
django.urls.exceptions.NoReverseMatch: Reverse for 'produts' not found. 'produts' is not a valid view function or pattern name.
2025-02-17 23:05:58,136 - ERROR - Internal Server Error: /produtos/
Traceback (most recent call last):
  File "c:\Users\igorm\Documents\projetos\site-cecilie\venv\Lib\site-packages\django\core\handlers\exception.py", line 55, in inner
    response = get_response(request)
  File "c:\Users\igorm\Documents\projetos\site-cecilie\venv\Lib\site-packages\django\core\handlers\base.py", line 197, in _get_response
    response = wrapped_callback(request, *callback_args, **callback_kwargs)
  File "c:\Users\igorm\Documents\projetos\site-cecilie\venv\Lib\site-packages\django\views\generic\base.py", line 104, in view
    return self.dispatch(request, *args, **kwargs)
           ~~~~~~~~~~~~~^^^^^^^^^^^^^^^^^^^^^^^^^^
  File "c:\Users\igorm\Documents\projetos\site-cecilie\venv\Lib\site-packages\django\views\generic\base.py", line 143, in dispatch
    return handler(request, *args, **kwargs)
  File "C:\Users\igorm\Documents\projetos\site-cecilie\produto\views.py", line 49, in get
    return render(request, self.template_name, context)
  File "c:\Users\igorm\Documents\projetos\site-cecilie\venv\Lib\site-packages\django\shortcuts.py", line 25, in render
    content = loader.render_to_string(template_name, context, request, using=using)
  File "c:\Users\igorm\Documents\projetos\site-cecilie\venv\Lib\site-packages\django\template\loader.py", line 62, in render_to_string
    return template.render(context, request)
           ~~~~~~~~~~~~~~~^^^^^^^^^^^^^^^^^^
  File "c:\Users\igorm\Documents\projetos\site-cecilie\venv\Lib\site-packages\django\template\backends\django.py", line 107, in render
    return self.template.render(context)
           ~~~~~~~~~~~~~~~~~~~~^^^^^^^^^
  File "c:\Users\igorm\Documents\projetos\site-cecilie\venv\Lib\site-packages\django\template\base.py", line 171, in render
    return self._render(context)
           ~~~~~~~~~~~~^^^^^^^^^
  File "c:\Users\igorm\Documents\projetos\site-cecilie\venv\Lib\site-packages\django\template\base.py", line 163, in _render
    return self.nodelist.render(context)
           ~~~~~~~~~~~~~~~~~~~~^^^^^^^^^
  File "c:\Users\igorm\Documents\projetos\site-cecilie\venv\Lib\site-packages\django\template\base.py", line 1008, in render
    return SafeString("".join([node.render_annotated(context) for node in self]))
                               ~~~~~~~~~~~~~~~~~~~~~^^^^^^^^^
  File "c:\Users\igorm\Documents\projetos\site-cecilie\venv\Lib\site-packages\django\template\base.py", line 969, in render_annotated
    return self.render(context)
           ~~~~~~~~~~~^^^^^^^^^
  File "c:\Users\igorm\Documents\projetos\site-cecilie\venv\Lib\site-packages\django\template\loader_tags.py", line 159, in render
    return compiled_parent._render(context)
           ~~~~~~~~~~~~~~~~~~~~~~~^^^^^^^^^
  File "c:\Users\igorm\Documents\projetos\site-cecilie\venv\Lib\site-packages\django\template\base.py", line 163, in _render
    return self.nodelist.render(context)
           ~~~~~~~~~~~~~~~~~~~~^^^^^^^^^
  File "c:\Users\igorm\Documents\projetos\site-cecilie\venv\Lib\site-packages\django\template\base.py", line 1008, in render
    return SafeString("".join([node.render_annotated(context) for node in self]))
                               ~~~~~~~~~~~~~~~~~~~~~^^^^^^^^^
  File "c:\Users\igorm\Documents\projetos\site-cecilie\venv\Lib\site-packages\django\template\base.py", line 969, in render_annotated
    return self.render(context)
           ~~~~~~~~~~~^^^^^^^^^
  File "c:\Users\igorm\Documents\projetos\site-cecilie\venv\Lib\site-packages\django\template\loader_tags.py", line 65, in render
    result = block.nodelist.render(context)
  File "c:\Users\igorm\Documents\projetos\site-cecilie\venv\Lib\site-packages\django\template\base.py", line 1008, in render
    return SafeString("".join([node.render_annotated(context) for node in self]))
                               ~~~~~~~~~~~~~~~~~~~~~^^^^^^^^^
  File "c:\Users\igorm\Documents\projetos\site-cecilie\venv\Lib\site-packages\django\template\base.py", line 969, in render_annotated
    return self.render(context)
           ~~~~~~~~~~~^^^^^^^^^
  File "c:\Users\igorm\Documents\projetos\site-cecilie\venv\Lib\site-packages\django\template\loader_tags.py", line 210, in render
    return template.render(context)
           ~~~~~~~~~~~~~~~^^^^^^^^^
  File "c:\Users\igorm\Documents\projetos\site-cecilie\venv\Lib\site-packages\django\template\base.py", line 173, in render
    return self._render(context)
           ~~~~~~~~~~~~^^^^^^^^^
  File "c:\Users\igorm\Documents\projetos\site-cecilie\venv\Lib\site-packages\django\template\base.py", line 163, in _render
    return self.nodelist.render(context)
           ~~~~~~~~~~~~~~~~~~~~^^^^^^^^^
  File "c:\Users\igorm\Documents\projetos\site-cecilie\venv\Lib\site-packages\django\template\base.py", line 1008, in render
    return SafeString("".join([node.render_annotated(context) for node in self]))
                               ~~~~~~~~~~~~~~~~~~~~~^^^^^^^^^
  File "c:\Users\igorm\Documents\projetos\site-cecilie\venv\Lib\site-packages\django\template\base.py", line 969, in render_annotated
    return self.render(context)
           ~~~~~~~~~~~^^^^^^^^^
  File "c:\Users\igorm\Documents\projetos\site-cecilie\venv\Lib\site-packages\django\template\defaulttags.py", line 480, in render
    url = reverse(view_name, args=args, kwargs=kwargs, current_app=current_app)
  File "c:\Users\igorm\Documents\projetos\site-cecilie\venv\Lib\site-packages\django\urls\base.py", line 88, in reverse
    return resolver._reverse_with_prefix(view, prefix, *args, **kwargs)
           ~~~~~~~~~~~~~~~~~~~~~~~~~~~~~^^^^^^^^^^^^^^^^^^^^^^^^^^^^^^^
  File "c:\Users\igorm\Documents\projetos\site-cecilie\venv\Lib\site-packages\django\urls\resolvers.py", line 831, in _reverse_with_prefix
    raise NoReverseMatch(msg)
django.urls.exceptions.NoReverseMatch: Reverse for 'produts' not found. 'produts' is not a valid view function or pattern name.
2025-02-17 23:05:59,660 - WARNING - Not Found: /produtos/img/payment.png
2025-02-17 23:06:02,767 - DEBUG - Starting new HTTPS connection (1): viacep.com.br:443
2025-02-17 23:06:03,096 - DEBUG - https://viacep.com.br:443 "GET /ws/None/json/ HTTP/1.1" 400 494
2025-02-17 23:06:03,098 - ERROR - Internal Server Error: /produtos/
2025-02-17 23:06:49,974 - WARNING - Not Found: /produtos/img/payment.png
2025-02-17 23:06:51,315 - WARNING - Not Found: /produtos/img/payment.png
2025-02-17 23:06:54,644 - DEBUG - Starting new HTTPS connection (1): viacep.com.br:443
2025-02-17 23:06:54,962 - DEBUG - https://viacep.com.br:443 "GET /ws/None/json/ HTTP/1.1" 400 494
2025-02-17 23:06:54,963 - ERROR - Internal Server Error: /produtos/
2025-02-17 23:07:34,184 - INFO - C:\Users\igorm\Documents\projetos\site-cecilie\produto\views.py changed, reloading.
2025-02-17 23:07:39,651 - INFO - C:\Users\igorm\Documents\projetos\site-cecilie\produto\views.py changed, reloading.
2025-02-17 23:07:50,688 - DEBUG - Starting new HTTPS connection (1): viacep.com.br:443
2025-02-17 23:07:51,002 - DEBUG - https://viacep.com.br:443 "GET /ws/None/json/ HTTP/1.1" 400 494
2025-02-17 23:07:51,003 - ERROR - Internal Server Error: /produtos/
2025-02-17 23:08:01,987 - WARNING - Not Found: /produtos/img/payment.png
2025-02-17 23:08:02,168 - WARNING - Not Found: /produtos/img/payment.png
2025-02-17 23:08:02,340 - WARNING - Not Found: /produtos/img/payment.png
2025-02-17 23:08:02,493 - WARNING - Not Found: /produtos/img/payment.png
2025-02-17 23:08:03,762 - DEBUG - Starting new HTTPS connection (1): viacep.com.br:443
2025-02-17 23:08:04,078 - DEBUG - https://viacep.com.br:443 "GET /ws/None/json/ HTTP/1.1" 400 494
2025-02-17 23:08:04,079 - ERROR - Internal Server Error: /produtos/
2025-02-17 23:09:04,570 - WARNING - Not Found: /produtos/img/payment.png
2025-02-17 23:09:04,895 - WARNING - Not Found: /produtos/img/payment.png
2025-02-17 23:09:05,080 - WARNING - Not Found: /produtos/img/payment.png
2025-02-17 23:09:07,193 - DEBUG - Starting new HTTPS connection (1): viacep.com.br:443
2025-02-17 23:09:07,509 - DEBUG - https://viacep.com.br:443 "GET /ws/None/json/ HTTP/1.1" 400 494
2025-02-17 23:09:07,510 - ERROR - Internal Server Error: /produtos/
2025-02-17 23:09:08,864 - DEBUG - Starting new HTTPS connection (1): viacep.com.br:443
2025-02-17 23:09:09,181 - DEBUG - https://viacep.com.br:443 "GET /ws/None/json/ HTTP/1.1" 400 494
2025-02-17 23:09:09,182 - ERROR - Internal Server Error: /produtos/
2025-02-17 23:09:44,958 - WARNING - Not Found: /produtos/img/payment.png
2025-02-17 23:09:45,463 - WARNING - Not Found: /produtos/img/payment.png
2025-02-17 23:09:47,201 - DEBUG - Starting new HTTPS connection (1): viacep.com.br:443
2025-02-17 23:09:47,528 - DEBUG - https://viacep.com.br:443 "GET /ws/58414565/json/ HTTP/1.1" 200 None
2025-02-17 23:10:06,797 - WARNING - Not Found: /produtos/img/payment.png
2025-02-17 23:10:06,967 - WARNING - Not Found: /produtos/img/payment.png
2025-02-17 23:10:07,131 - WARNING - Not Found: /produtos/img/payment.png
2025-02-17 23:10:08,394 - DEBUG - Starting new HTTPS connection (1): viacep.com.br:443
2025-02-17 23:10:08,750 - DEBUG - https://viacep.com.br:443 "GET /ws/58414565/json/ HTTP/1.1" 200 None
2025-02-17 23:11:19,744 - INFO - C:\Users\igorm\Documents\projetos\site-cecilie\produto\views.py changed, reloading.
2025-02-17 23:11:26,610 - INFO - C:\Users\igorm\Documents\projetos\site-cecilie\produto\views.py changed, reloading.
2025-02-17 23:11:50,438 - INFO - C:\Users\igorm\Documents\projetos\site-cecilie\produto\views.py changed, reloading.
2025-02-17 23:12:17,914 - INFO - C:\Users\igorm\Documents\projetos\site-cecilie\produto\views.py changed, reloading.
2025-02-17 23:12:22,695 - INFO - C:\Users\igorm\Documents\projetos\site-cecilie\produto\views.py changed, reloading.
2025-02-17 23:12:28,316 - INFO - C:\Users\igorm\Documents\projetos\site-cecilie\produto\views.py changed, reloading.
2025-02-17 23:12:36,015 - INFO - C:\Users\igorm\Documents\projetos\site-cecilie\produto\views.py changed, reloading.
2025-02-17 23:12:40,941 - INFO - C:\Users\igorm\Documents\projetos\site-cecilie\produto\views.py changed, reloading.
2025-02-17 23:13:02,685 - WARNING - Not Found: /produtos/img/payment.png
2025-02-17 23:13:04,338 - DEBUG - Starting new HTTPS connection (1): viacep.com.br:443
2025-02-17 23:13:04,653 - DEBUG - https://viacep.com.br:443 "GET /ws/58414565/json/ HTTP/1.1" 200 None
2025-02-17 23:13:04,674 - WARNING - Not Found: /produtos/static/img/testimonial-1.jpg
2025-02-17 23:13:04,680 - WARNING - Not Found: /produtos/img/testimonial-1.jpg
2025-02-17 23:13:04,685 - WARNING - Not Found: /produtos/img/payment.png
2025-02-17 23:13:04,742 - WARNING - Not Found: /produtos/img/testimonial-1.jpg
2025-02-17 23:13:04,746 - WARNING - Not Found: /produtos/static/img/testimonial-1.jpg
2025-02-17 23:13:13,563 - WARNING - Not Found: /produtos/img/payment.png
2025-02-17 23:13:13,836 - WARNING - Not Found: /produtos/img/payment.png
2025-02-17 23:13:14,493 - INFO - C:\Users\igorm\Documents\projetos\site-cecilie\produto\views.py changed, reloading.
2025-02-17 23:13:17,825 - DEBUG - Starting new HTTPS connection (1): viacep.com.br:443
2025-02-17 23:13:18,141 - DEBUG - https://viacep.com.br:443 "GET /ws/58414565/json/ HTTP/1.1" 200 None
2025-02-17 23:13:18,196 - WARNING - Not Found: /produtos/img/payment.png
2025-02-17 23:14:38,308 - WARNING - Not Found: /produtos/img/payment.png
2025-02-17 23:14:38,601 - WARNING - Not Found: /produtos/img/payment.png
2025-02-17 23:14:40,864 - DEBUG - Starting new HTTPS connection (1): viacep.com.br:443
2025-02-17 23:14:41,183 - DEBUG - https://viacep.com.br:443 "GET /ws/58414565/json/ HTTP/1.1" 200 None
2025-02-17 23:14:41,207 - WARNING - Not Found: /produtos/img/payment.png
2025-02-17 23:15:03,574 - WARNING - Not Found: /produtos/img/payment.png
2025-02-17 23:15:32,493 - INFO - C:\Users\igorm\Documents\projetos\site-cecilie\produto\views.py changed, reloading.
2025-02-17 23:16:52,164 - INFO - C:\Users\igorm\Documents\projetos\site-cecilie\produto\views.py changed, reloading.
2025-02-17 23:17:20,485 - INFO - C:\Users\igorm\Documents\projetos\site-cecilie\produto\views.py changed, reloading.
2025-02-17 23:17:29,140 - INFO - C:\Users\igorm\Documents\projetos\site-cecilie\produto\views.py changed, reloading.
2025-02-17 23:17:33,755 - INFO - C:\Users\igorm\Documents\projetos\site-cecilie\produto\views.py changed, reloading.
2025-02-17 23:17:37,434 - INFO - C:\Users\igorm\Documents\projetos\site-cecilie\produto\views.py changed, reloading.
2025-02-17 23:18:11,479 - INFO - C:\Users\igorm\Documents\projetos\site-cecilie\produto\views.py changed, reloading.
2025-02-17 23:18:27,863 - INFO - C:\Users\igorm\Documents\projetos\site-cecilie\produto\views.py changed, reloading.
2025-02-17 23:18:32,561 - INFO - C:\Users\igorm\Documents\projetos\site-cecilie\produto\views.py changed, reloading.
2025-02-17 23:18:43,485 - INFO - C:\Users\igorm\Documents\projetos\site-cecilie\produto\views.py changed, reloading.
2025-02-17 23:18:49,946 - INFO - C:\Users\igorm\Documents\projetos\site-cecilie\produto\views.py changed, reloading.
2025-02-17 23:19:10,482 - INFO - C:\Users\igorm\Documents\projetos\site-cecilie\produto\urls.py changed, reloading.
2025-02-17 23:19:19,147 - INFO - C:\Users\igorm\Documents\projetos\site-cecilie\produto\urls.py changed, reloading.
2025-02-17 23:19:26,040 - INFO - C:\Users\igorm\Documents\projetos\site-cecilie\produto\urls.py changed, reloading.
2025-02-17 23:19:29,686 - INFO - C:\Users\igorm\Documents\projetos\site-cecilie\produto\urls.py changed, reloading.
2025-02-17 23:20:23,655 - INFO - C:\Users\igorm\Documents\projetos\site-cecilie\produto\views.py changed, reloading.
2025-02-17 23:20:46,131 - INFO - C:\Users\igorm\Documents\projetos\site-cecilie\produto\views.py changed, reloading.
2025-02-17 23:21:05,322 - INFO - C:\Users\igorm\Documents\projetos\site-cecilie\produto\views.py changed, reloading.
2025-02-17 23:21:15,123 - INFO - C:\Users\igorm\Documents\projetos\site-cecilie\produto\views.py changed, reloading.
2025-02-17 23:21:21,994 - INFO - C:\Users\igorm\Documents\projetos\site-cecilie\produto\views.py changed, reloading.
2025-02-17 23:21:25,947 - INFO - C:\Users\igorm\Documents\projetos\site-cecilie\produto\views.py changed, reloading.
2025-02-17 23:21:29,909 - INFO - C:\Users\igorm\Documents\projetos\site-cecilie\produto\views.py changed, reloading.
2025-02-17 23:21:40,901 - WARNING - Not Found: /produtos/img/payment.png
2025-02-17 23:21:42,784 - DEBUG - Starting new HTTPS connection (1): viacep.com.br:443
2025-02-17 23:21:43,102 - DEBUG - https://viacep.com.br:443 "GET /ws/58414565/json/ HTTP/1.1" 200 None
2025-02-17 23:22:20,499 - INFO - C:\Users\igorm\Documents\projetos\site-cecilie\produto\views.py changed, reloading.
2025-02-17 23:22:27,045 - INFO - C:\Users\igorm\Documents\projetos\site-cecilie\produto\views.py changed, reloading.
2025-02-17 23:22:33,676 - INFO - C:\Users\igorm\Documents\projetos\site-cecilie\produto\views.py changed, reloading.
2025-02-17 23:22:48,022 - INFO - C:\Users\igorm\Documents\projetos\site-cecilie\produto\urls.py changed, reloading.
2025-02-17 23:22:52,684 - INFO - C:\Users\igorm\Documents\projetos\site-cecilie\produto\urls.py changed, reloading.
2025-02-17 23:22:54,995 - WARNING - Not Found: /produtos/img/payment.png
2025-02-17 23:22:58,547 - ERROR - Internal Server Error: /produtos/
Traceback (most recent call last):
  File "C:\Users\igorm\Documents\projetos\site-cecilie\venv\Lib\site-packages\django\core\handlers\exception.py", line 55, in inner
    response = get_response(request)
  File "C:\Users\igorm\Documents\projetos\site-cecilie\venv\Lib\site-packages\django\core\handlers\base.py", line 197, in _get_response
    response = wrapped_callback(request, *callback_args, **callback_kwargs)
  File "C:\Users\igorm\Documents\projetos\site-cecilie\venv\Lib\site-packages\django\views\generic\base.py", line 104, in view
    return self.dispatch(request, *args, **kwargs)
           ~~~~~~~~~~~~~^^^^^^^^^^^^^^^^^^^^^^^^^^
  File "C:\Users\igorm\Documents\projetos\site-cecilie\venv\Lib\site-packages\django\views\generic\base.py", line 143, in dispatch
    return handler(request, *args, **kwargs)
  File "C:\Users\igorm\Documents\projetos\site-cecilie\produto\views.py", line 87, in post
    retorno = consulta_cep(cep)
              ^^^^^^^^^^^^
NameError: name 'consulta_cep' is not defined
2025-02-17 23:23:00,014 - ERROR - Internal Server Error: /produtos/
Traceback (most recent call last):
  File "C:\Users\igorm\Documents\projetos\site-cecilie\venv\Lib\site-packages\django\core\handlers\exception.py", line 55, in inner
    response = get_response(request)
  File "C:\Users\igorm\Documents\projetos\site-cecilie\venv\Lib\site-packages\django\core\handlers\base.py", line 197, in _get_response
    response = wrapped_callback(request, *callback_args, **callback_kwargs)
  File "C:\Users\igorm\Documents\projetos\site-cecilie\venv\Lib\site-packages\django\views\generic\base.py", line 104, in view
    return self.dispatch(request, *args, **kwargs)
           ~~~~~~~~~~~~~^^^^^^^^^^^^^^^^^^^^^^^^^^
  File "C:\Users\igorm\Documents\projetos\site-cecilie\venv\Lib\site-packages\django\views\generic\base.py", line 143, in dispatch
    return handler(request, *args, **kwargs)
  File "C:\Users\igorm\Documents\projetos\site-cecilie\produto\views.py", line 87, in post
    retorno = consulta_cep(cep)
              ^^^^^^^^^^^^
NameError: name 'consulta_cep' is not defined
2025-02-17 23:23:08,468 - INFO - C:\Users\igorm\Documents\projetos\site-cecilie\produto\urls.py changed, reloading.
2025-02-17 23:23:17,578 - INFO - C:\Users\igorm\Documents\projetos\site-cecilie\produto\views.py changed, reloading.
2025-02-17 23:23:19,614 - WARNING - Not Found: /produtos/img/payment.png
2025-02-17 23:23:21,463 - DEBUG - Starting new HTTPS connection (1): viacep.com.br:443
2025-02-17 23:23:21,778 - DEBUG - https://viacep.com.br:443 "GET /ws/58414565/json/ HTTP/1.1" 200 None
2025-02-17 23:23:37,199 - INFO - C:\Users\igorm\Documents\projetos\site-cecilie\produto\views.py changed, reloading.
2025-02-17 23:23:43,908 - INFO - C:\Users\igorm\Documents\projetos\site-cecilie\produto\views.py changed, reloading.
2025-02-17 23:23:51,838 - INFO - C:\Users\igorm\Documents\projetos\site-cecilie\produto\views.py changed, reloading.
2025-02-17 23:25:21,393 - INFO - C:\Users\igorm\Documents\projetos\site-cecilie\produto\views.py changed, reloading.
2025-02-17 23:25:30,731 - WARNING - Not Found: /produtos/img/payment.png
2025-02-17 23:25:37,826 - INFO - Carrinho: 1, Criado agora? False
2025-02-17 23:25:42,346 - DEBUG - Starting new HTTPS connection (1): api.mercadopago.com:443
2025-02-17 23:25:42,745 - DEBUG - https://api.mercadopago.com:443 "POST /checkout/preferences HTTP/1.1" 400 93
2025-02-17 23:25:42,782 - WARNING - Not Found: /carrinho/img/payment.png
2025-02-17 23:25:58,674 - WARNING - Not Found: /produtos/img/payment.png
2025-02-17 23:26:01,073 - INFO - Carrinho: 1, Criado agora? False
2025-02-17 23:26:22,080 - WARNING - Not Found: /produtos/img/payment.png
2025-02-17 23:26:36,183 - DEBUG - Starting new HTTPS connection (1): api.mercadopago.com:443
2025-02-17 23:26:36,572 - DEBUG - https://api.mercadopago.com:443 "POST /checkout/preferences HTTP/1.1" 400 93
2025-02-17 23:26:36,599 - WARNING - Not Found: /carrinho/img/payment.png
2025-02-17 23:26:37,748 - DEBUG - Starting new HTTPS connection (1): api.mercadopago.com:443
2025-02-17 23:26:38,100 - DEBUG - https://api.mercadopago.com:443 "POST /checkout/preferences HTTP/1.1" 400 93
2025-02-17 23:26:38,122 - WARNING - Not Found: /carrinho/img/payment.png
2025-02-17 23:26:39,321 - DEBUG - Starting new HTTPS connection (1): api.mercadopago.com:443
2025-02-17 23:26:39,677 - DEBUG - https://api.mercadopago.com:443 "POST /checkout/preferences HTTP/1.1" 400 93
2025-02-17 23:26:39,698 - WARNING - Not Found: /carrinho/img/payment.png
2025-02-17 23:26:40,006 - DEBUG - Starting new HTTPS connection (1): api.mercadopago.com:443
2025-02-17 23:26:40,374 - DEBUG - https://api.mercadopago.com:443 "POST /checkout/preferences HTTP/1.1" 400 93
2025-02-17 23:26:40,398 - WARNING - Not Found: /carrinho/img/payment.png
2025-02-17 23:26:40,598 - DEBUG - Starting new HTTPS connection (1): api.mercadopago.com:443
2025-02-17 23:26:40,957 - DEBUG - https://api.mercadopago.com:443 "POST /checkout/preferences HTTP/1.1" 400 93
2025-02-17 23:26:40,978 - WARNING - Not Found: /carrinho/img/payment.png
2025-02-17 23:26:44,710 - WARNING - Not Found: /produtos/img/payment.png
2025-02-17 23:28:14,918 - INFO - C:\Users\igorm\Documents\projetos\site-cecilie\produto\views.py changed, reloading.
2025-02-17 23:28:19,981 - ERROR - Internal Server Error: /produtos/
Traceback (most recent call last):
  File "C:\Users\igorm\Documents\projetos\site-cecilie\venv\Lib\site-packages\django\core\handlers\exception.py", line 55, in inner
    response = get_response(request)
  File "C:\Users\igorm\Documents\projetos\site-cecilie\venv\Lib\site-packages\django\core\handlers\base.py", line 197, in _get_response
    response = wrapped_callback(request, *callback_args, **callback_kwargs)
  File "C:\Users\igorm\Documents\projetos\site-cecilie\venv\Lib\site-packages\django\views\generic\base.py", line 104, in view
    return self.dispatch(request, *args, **kwargs)
           ~~~~~~~~~~~~~^^^^^^^^^^^^^^^^^^^^^^^^^^
  File "C:\Users\igorm\Documents\projetos\site-cecilie\venv\Lib\site-packages\django\views\generic\base.py", line 143, in dispatch
    return handler(request, *args, **kwargs)
  File "C:\Users\igorm\Documents\projetos\site-cecilie\produto\views.py", line 46, in get
    context['quantidade'] = sum(item.quantidade for item in itens)
                                                            ^^^^^
NameError: name 'itens' is not defined. Did you mean: 'iter'?
2025-02-17 23:28:20,537 - ERROR - Internal Server Error: /produtos/
Traceback (most recent call last):
  File "C:\Users\igorm\Documents\projetos\site-cecilie\venv\Lib\site-packages\django\core\handlers\exception.py", line 55, in inner
    response = get_response(request)
  File "C:\Users\igorm\Documents\projetos\site-cecilie\venv\Lib\site-packages\django\core\handlers\base.py", line 197, in _get_response
    response = wrapped_callback(request, *callback_args, **callback_kwargs)
  File "C:\Users\igorm\Documents\projetos\site-cecilie\venv\Lib\site-packages\django\views\generic\base.py", line 104, in view
    return self.dispatch(request, *args, **kwargs)
           ~~~~~~~~~~~~~^^^^^^^^^^^^^^^^^^^^^^^^^^
  File "C:\Users\igorm\Documents\projetos\site-cecilie\venv\Lib\site-packages\django\views\generic\base.py", line 143, in dispatch
    return handler(request, *args, **kwargs)
  File "C:\Users\igorm\Documents\projetos\site-cecilie\produto\views.py", line 46, in get
    context['quantidade'] = sum(item.quantidade for item in itens)
                                                            ^^^^^
NameError: name 'itens' is not defined. Did you mean: 'iter'?
2025-02-17 23:28:20,834 - INFO - C:\Users\igorm\Documents\projetos\site-cecilie\produto\views.py changed, reloading.
2025-02-17 23:28:22,807 - ERROR - Internal Server Error: /produtos/
Traceback (most recent call last):
  File "C:\Users\igorm\Documents\projetos\site-cecilie\venv\Lib\site-packages\django\core\handlers\exception.py", line 55, in inner
    response = get_response(request)
  File "C:\Users\igorm\Documents\projetos\site-cecilie\venv\Lib\site-packages\django\core\handlers\base.py", line 197, in _get_response
    response = wrapped_callback(request, *callback_args, **callback_kwargs)
  File "C:\Users\igorm\Documents\projetos\site-cecilie\venv\Lib\site-packages\django\views\generic\base.py", line 104, in view
    return self.dispatch(request, *args, **kwargs)
           ~~~~~~~~~~~~~^^^^^^^^^^^^^^^^^^^^^^^^^^
  File "C:\Users\igorm\Documents\projetos\site-cecilie\venv\Lib\site-packages\django\views\generic\base.py", line 143, in dispatch
    return handler(request, *args, **kwargs)
  File "C:\Users\igorm\Documents\projetos\site-cecilie\produto\views.py", line 46, in get
    context['quantidade'] = sum(item.quantidade for item in itens)
                                                            ^^^^^
NameError: name 'itens' is not defined. Did you mean: 'iter'?
2025-02-17 23:28:52,716 - INFO - C:\Users\igorm\Documents\projetos\site-cecilie\produto\views.py changed, reloading.
2025-02-17 23:29:08,523 - WARNING - Not Found: /produtos/img/payment.png
2025-02-17 23:29:11,872 - INFO - Carrinho: 1, Criado agora? False
2025-02-17 23:29:13,503 - DEBUG - Starting new HTTPS connection (1): api.mercadopago.com:443
2025-02-17 23:29:13,905 - DEBUG - https://api.mercadopago.com:443 "POST /checkout/preferences HTTP/1.1" 400 93
2025-02-17 23:29:13,951 - WARNING - Not Found: /carrinho/img/payment.png
2025-02-17 23:29:15,479 - DEBUG - Starting new HTTPS connection (1): api.mercadopago.com:443
2025-02-17 23:29:15,644 - DEBUG - Starting new HTTPS connection (1): api.mercadopago.com:443
2025-02-17 23:29:15,827 - DEBUG - https://api.mercadopago.com:443 "POST /checkout/preferences HTTP/1.1" 400 93
2025-02-17 23:29:15,831 - DEBUG - Starting new HTTPS connection (1): api.mercadopago.com:443
2025-02-17 23:29:15,958 - WARNING - Not Found: /remover/1/
2025-02-17 23:29:15,981 - DEBUG - https://api.mercadopago.com:443 "POST /checkout/preferences HTTP/1.1" 400 93
2025-02-17 23:29:16,182 - DEBUG - https://api.mercadopago.com:443 "POST /checkout/preferences HTTP/1.1" 400 93
2025-02-17 23:29:20,087 - WARNING - Not Found: /remover/1/
2025-02-17 23:29:22,282 - DEBUG - Starting new HTTPS connection (1): api.mercadopago.com:443
2025-02-17 23:29:22,609 - DEBUG - https://api.mercadopago.com:443 "POST /checkout/preferences HTTP/1.1" 400 93
2025-02-17 23:29:22,631 - WARNING - Not Found: /carrinho/img/payment.png
2025-02-17 23:29:24,586 - WARNING - Not Found: /produtos/img/payment.png
2025-02-17 23:29:27,361 - WARNING - Not Found: /img/testimonial-1.jpg
2025-02-17 23:29:27,364 - WARNING - Not Found: /img/payment.png
2025-02-17 23:29:34,229 - DEBUG - Starting new HTTPS connection (1): api.mercadopago.com:443
2025-02-17 23:29:34,577 - DEBUG - https://api.mercadopago.com:443 "POST /checkout/preferences HTTP/1.1" 400 93
2025-02-17 23:29:34,610 - WARNING - Not Found: /carrinho/img/payment.png
2025-02-17 23:29:37,600 - WARNING - Not Found: /produtos/img/payment.png
2025-02-17 23:30:32,649 - ERROR - Internal Server Error: /produtos/
Traceback (most recent call last):
  File "C:\Users\igorm\Documents\projetos\site-cecilie\venv\Lib\site-packages\django\template\base.py", line 510, in parse
    compile_func = self.tags[command]
                   ~~~~~~~~~^^^^^^^^^
KeyError: 'endfor'

During handling of the above exception, another exception occurred:

Traceback (most recent call last):
  File "C:\Users\igorm\Documents\projetos\site-cecilie\venv\Lib\site-packages\django\core\handlers\exception.py", line 55, in inner
    response = get_response(request)
  File "C:\Users\igorm\Documents\projetos\site-cecilie\venv\Lib\site-packages\django\core\handlers\base.py", line 197, in _get_response
    response = wrapped_callback(request, *callback_args, **callback_kwargs)
  File "C:\Users\igorm\Documents\projetos\site-cecilie\venv\Lib\site-packages\django\views\generic\base.py", line 104, in view
    return self.dispatch(request, *args, **kwargs)
           ~~~~~~~~~~~~~^^^^^^^^^^^^^^^^^^^^^^^^^^
  File "C:\Users\igorm\Documents\projetos\site-cecilie\venv\Lib\site-packages\django\views\generic\base.py", line 143, in dispatch
    return handler(request, *args, **kwargs)
  File "C:\Users\igorm\Documents\projetos\site-cecilie\produto\views.py", line 47, in get
    return render(request, self.template_name, context)
  File "C:\Users\igorm\Documents\projetos\site-cecilie\venv\Lib\site-packages\django\shortcuts.py", line 25, in render
    content = loader.render_to_string(template_name, context, request, using=using)
  File "C:\Users\igorm\Documents\projetos\site-cecilie\venv\Lib\site-packages\django\template\loader.py", line 62, in render_to_string
    return template.render(context, request)
           ~~~~~~~~~~~~~~~^^^^^^^^^^^^^^^^^^
  File "C:\Users\igorm\Documents\projetos\site-cecilie\venv\Lib\site-packages\django\template\backends\django.py", line 107, in render
    return self.template.render(context)
           ~~~~~~~~~~~~~~~~~~~~^^^^^^^^^
  File "C:\Users\igorm\Documents\projetos\site-cecilie\venv\Lib\site-packages\django\template\base.py", line 171, in render
    return self._render(context)
           ~~~~~~~~~~~~^^^^^^^^^
  File "C:\Users\igorm\Documents\projetos\site-cecilie\venv\Lib\site-packages\django\template\base.py", line 163, in _render
    return self.nodelist.render(context)
           ~~~~~~~~~~~~~~~~~~~~^^^^^^^^^
  File "C:\Users\igorm\Documents\projetos\site-cecilie\venv\Lib\site-packages\django\template\base.py", line 1008, in render
    return SafeString("".join([node.render_annotated(context) for node in self]))
                               ~~~~~~~~~~~~~~~~~~~~~^^^^^^^^^
  File "C:\Users\igorm\Documents\projetos\site-cecilie\venv\Lib\site-packages\django\template\base.py", line 969, in render_annotated
    return self.render(context)
           ~~~~~~~~~~~^^^^^^^^^
  File "C:\Users\igorm\Documents\projetos\site-cecilie\venv\Lib\site-packages\django\template\loader_tags.py", line 159, in render
    return compiled_parent._render(context)
           ~~~~~~~~~~~~~~~~~~~~~~~^^^^^^^^^
  File "C:\Users\igorm\Documents\projetos\site-cecilie\venv\Lib\site-packages\django\template\base.py", line 163, in _render
    return self.nodelist.render(context)
           ~~~~~~~~~~~~~~~~~~~~^^^^^^^^^
  File "C:\Users\igorm\Documents\projetos\site-cecilie\venv\Lib\site-packages\django\template\base.py", line 1008, in render
    return SafeString("".join([node.render_annotated(context) for node in self]))
                               ~~~~~~~~~~~~~~~~~~~~~^^^^^^^^^
  File "C:\Users\igorm\Documents\projetos\site-cecilie\venv\Lib\site-packages\django\template\base.py", line 969, in render_annotated
    return self.render(context)
           ~~~~~~~~~~~^^^^^^^^^
  File "C:\Users\igorm\Documents\projetos\site-cecilie\venv\Lib\site-packages\django\template\loader_tags.py", line 65, in render
    result = block.nodelist.render(context)
  File "C:\Users\igorm\Documents\projetos\site-cecilie\venv\Lib\site-packages\django\template\base.py", line 1008, in render
    return SafeString("".join([node.render_annotated(context) for node in self]))
                               ~~~~~~~~~~~~~~~~~~~~~^^^^^^^^^
  File "C:\Users\igorm\Documents\projetos\site-cecilie\venv\Lib\site-packages\django\template\base.py", line 969, in render_annotated
    return self.render(context)
           ~~~~~~~~~~~^^^^^^^^^
  File "C:\Users\igorm\Documents\projetos\site-cecilie\venv\Lib\site-packages\django\template\loader_tags.py", line 199, in render
    template = context.template.engine.select_template(template_name)
  File "C:\Users\igorm\Documents\projetos\site-cecilie\venv\Lib\site-packages\django\template\engine.py", line 208, in select_template
    return self.get_template(template_name)
           ~~~~~~~~~~~~~~~~~^^^^^^^^^^^^^^^
  File "C:\Users\igorm\Documents\projetos\site-cecilie\venv\Lib\site-packages\django\template\engine.py", line 177, in get_template
    template, origin = self.find_template(template_name)
                       ~~~~~~~~~~~~~~~~~~^^^^^^^^^^^^^^^
  File "C:\Users\igorm\Documents\projetos\site-cecilie\venv\Lib\site-packages\django\template\engine.py", line 159, in find_template
    template = loader.get_template(name, skip=skip)
  File "C:\Users\igorm\Documents\projetos\site-cecilie\venv\Lib\site-packages\django\template\loaders\cached.py", line 57, in get_template
    template = super().get_template(template_name, skip)
  File "C:\Users\igorm\Documents\projetos\site-cecilie\venv\Lib\site-packages\django\template\loaders\base.py", line 28, in get_template
    return Template(
        contents,
    ...<2 lines>...
        self.engine,
    )
  File "C:\Users\igorm\Documents\projetos\site-cecilie\venv\Lib\site-packages\django\template\base.py", line 154, in __init__
    self.nodelist = self.compile_nodelist()
                    ~~~~~~~~~~~~~~~~~~~~~^^
  File "C:\Users\igorm\Documents\projetos\site-cecilie\venv\Lib\site-packages\django\template\base.py", line 196, in compile_nodelist
    nodelist = parser.parse()
  File "C:\Users\igorm\Documents\projetos\site-cecilie\venv\Lib\site-packages\django\template\base.py", line 518, in parse
    raise self.error(token, e)
  File "C:\Users\igorm\Documents\projetos\site-cecilie\venv\Lib\site-packages\django\template\base.py", line 516, in parse
    compiled_result = compile_func(self, token)
  File "C:\Users\igorm\Documents\projetos\site-cecilie\venv\Lib\site-packages\django\template\defaulttags.py", line 862, in do_for
    nodelist_loop = parser.parse(
        (
    ...<2 lines>...
        )
    )
  File "C:\Users\igorm\Documents\projetos\site-cecilie\venv\Lib\site-packages\django\template\base.py", line 518, in parse
    raise self.error(token, e)
  File "C:\Users\igorm\Documents\projetos\site-cecilie\venv\Lib\site-packages\django\template\base.py", line 516, in parse
    compiled_result = compile_func(self, token)
  File "C:\Users\igorm\Documents\projetos\site-cecilie\venv\Lib\site-packages\django\template\defaulttags.py", line 976, in do_if
    nodelist = parser.parse(("endif",))
  File "C:\Users\igorm\Documents\projetos\site-cecilie\venv\Lib\site-packages\django\template\base.py", line 512, in parse
    self.invalid_block_tag(token, command, parse_until)
    ~~~~~~~~~~~~~~~~~~~~~~^^^^^^^^^^^^^^^^^^^^^^^^^^^^^
  File "C:\Users\igorm\Documents\projetos\site-cecilie\venv\Lib\site-packages\django\template\base.py", line 563, in invalid_block_tag
    raise self.error(
    ...<8 lines>...
    )
django.template.exceptions.TemplateSyntaxError: Invalid block tag on line 74: 'endfor', expected 'endif'. Did you forget to register or load this tag?
2025-02-17 23:30:33,263 - WARNING - Not Found: /produtos/img/payment.png
2025-02-17 23:30:46,234 - WARNING - Not Found: /img/testimonial-1.jpg
2025-02-17 23:30:46,254 - WARNING - Not Found: /img/payment.png
2025-02-17 23:30:46,267 - WARNING - Not Found: /img/testimonial-1.jpg
2025-02-17 23:30:46,390 - WARNING - Not Found: /img/testimonial-1.jpg
2025-02-17 23:30:49,870 - WARNING - Not Found: /produtos/img/payment.png
2025-02-17 23:31:08,941 - WARNING - Not Found: /produtos/img/payment.png
2025-02-17 23:31:09,402 - WARNING - Not Found: /produtos/img/payment.png
2025-02-17 23:31:09,940 - WARNING - Not Found: /produtos/img/payment.png
2025-02-17 23:31:43,760 - WARNING - Not Found: /produtos/img/payment.png
2025-02-17 23:32:08,257 - WARNING - Not Found: /create-user/
2025-02-17 23:32:21,036 - ERROR - Internal Server Error: /register/
Traceback (most recent call last):
  File "C:\Users\igorm\Documents\projetos\site-cecilie\venv\Lib\site-packages\django\core\handlers\exception.py", line 55, in inner
    response = get_response(request)
  File "C:\Users\igorm\Documents\projetos\site-cecilie\venv\Lib\site-packages\django\core\handlers\base.py", line 197, in _get_response
    response = wrapped_callback(request, *callback_args, **callback_kwargs)
  File "C:\Users\igorm\Documents\projetos\site-cecilie\venv\Lib\site-packages\django\views\generic\base.py", line 104, in view
    return self.dispatch(request, *args, **kwargs)
           ~~~~~~~~~~~~~^^^^^^^^^^^^^^^^^^^^^^^^^^
  File "C:\Users\igorm\Documents\projetos\site-cecilie\venv\Lib\site-packages\django\views\generic\base.py", line 143, in dispatch
    return handler(request, *args, **kwargs)
  File "C:\Users\igorm\Documents\projetos\site-cecilie\authentication\views.py", line 25, in get
    return render(request, "register.html", {"form": form, 'title': 'Registrar'})
  File "C:\Users\igorm\Documents\projetos\site-cecilie\venv\Lib\site-packages\django\shortcuts.py", line 25, in render
    content = loader.render_to_string(template_name, context, request, using=using)
  File "C:\Users\igorm\Documents\projetos\site-cecilie\venv\Lib\site-packages\django\template\loader.py", line 61, in render_to_string
    template = get_template(template_name, using=using)
  File "C:\Users\igorm\Documents\projetos\site-cecilie\venv\Lib\site-packages\django\template\loader.py", line 19, in get_template
    raise TemplateDoesNotExist(template_name, chain=chain)
django.template.exceptions.TemplateDoesNotExist: register.html
2025-02-17 23:33:40,654 - ERROR - Internal Server Error: /register/
Traceback (most recent call last):
  File "C:\Users\igorm\Documents\projetos\site-cecilie\venv\Lib\site-packages\django\core\handlers\exception.py", line 55, in inner
    response = get_response(request)
  File "C:\Users\igorm\Documents\projetos\site-cecilie\venv\Lib\site-packages\django\core\handlers\base.py", line 197, in _get_response
    response = wrapped_callback(request, *callback_args, **callback_kwargs)
  File "C:\Users\igorm\Documents\projetos\site-cecilie\venv\Lib\site-packages\django\views\generic\base.py", line 104, in view
    return self.dispatch(request, *args, **kwargs)
           ~~~~~~~~~~~~~^^^^^^^^^^^^^^^^^^^^^^^^^^
  File "C:\Users\igorm\Documents\projetos\site-cecilie\venv\Lib\site-packages\django\views\generic\base.py", line 143, in dispatch
    return handler(request, *args, **kwargs)
  File "C:\Users\igorm\Documents\projetos\site-cecilie\authentication\views.py", line 25, in get
    return render(request, "register.html", {"form": form, 'title': 'Registrar'})
  File "C:\Users\igorm\Documents\projetos\site-cecilie\venv\Lib\site-packages\django\shortcuts.py", line 25, in render
    content = loader.render_to_string(template_name, context, request, using=using)
  File "C:\Users\igorm\Documents\projetos\site-cecilie\venv\Lib\site-packages\django\template\loader.py", line 61, in render_to_string
    template = get_template(template_name, using=using)
  File "C:\Users\igorm\Documents\projetos\site-cecilie\venv\Lib\site-packages\django\template\loader.py", line 19, in get_template
    raise TemplateDoesNotExist(template_name, chain=chain)
django.template.exceptions.TemplateDoesNotExist: register.html
2025-02-17 23:33:41,274 - ERROR - Internal Server Error: /register/
Traceback (most recent call last):
  File "C:\Users\igorm\Documents\projetos\site-cecilie\venv\Lib\site-packages\django\core\handlers\exception.py", line 55, in inner
    response = get_response(request)
  File "C:\Users\igorm\Documents\projetos\site-cecilie\venv\Lib\site-packages\django\core\handlers\base.py", line 197, in _get_response
    response = wrapped_callback(request, *callback_args, **callback_kwargs)
  File "C:\Users\igorm\Documents\projetos\site-cecilie\venv\Lib\site-packages\django\views\generic\base.py", line 104, in view
    return self.dispatch(request, *args, **kwargs)
           ~~~~~~~~~~~~~^^^^^^^^^^^^^^^^^^^^^^^^^^
  File "C:\Users\igorm\Documents\projetos\site-cecilie\venv\Lib\site-packages\django\views\generic\base.py", line 143, in dispatch
    return handler(request, *args, **kwargs)
  File "C:\Users\igorm\Documents\projetos\site-cecilie\authentication\views.py", line 25, in get
    return render(request, "register.html", {"form": form, 'title': 'Registrar'})
  File "C:\Users\igorm\Documents\projetos\site-cecilie\venv\Lib\site-packages\django\shortcuts.py", line 25, in render
    content = loader.render_to_string(template_name, context, request, using=using)
  File "C:\Users\igorm\Documents\projetos\site-cecilie\venv\Lib\site-packages\django\template\loader.py", line 61, in render_to_string
    template = get_template(template_name, using=using)
  File "C:\Users\igorm\Documents\projetos\site-cecilie\venv\Lib\site-packages\django\template\loader.py", line 19, in get_template
    raise TemplateDoesNotExist(template_name, chain=chain)
django.template.exceptions.TemplateDoesNotExist: register.html
2025-02-17 23:33:41,744 - ERROR - Internal Server Error: /register/
Traceback (most recent call last):
  File "C:\Users\igorm\Documents\projetos\site-cecilie\venv\Lib\site-packages\django\core\handlers\exception.py", line 55, in inner
    response = get_response(request)
  File "C:\Users\igorm\Documents\projetos\site-cecilie\venv\Lib\site-packages\django\core\handlers\base.py", line 197, in _get_response
    response = wrapped_callback(request, *callback_args, **callback_kwargs)
  File "C:\Users\igorm\Documents\projetos\site-cecilie\venv\Lib\site-packages\django\views\generic\base.py", line 104, in view
    return self.dispatch(request, *args, **kwargs)
           ~~~~~~~~~~~~~^^^^^^^^^^^^^^^^^^^^^^^^^^
  File "C:\Users\igorm\Documents\projetos\site-cecilie\venv\Lib\site-packages\django\views\generic\base.py", line 143, in dispatch
    return handler(request, *args, **kwargs)
  File "C:\Users\igorm\Documents\projetos\site-cecilie\authentication\views.py", line 25, in get
    return render(request, "register.html", {"form": form, 'title': 'Registrar'})
  File "C:\Users\igorm\Documents\projetos\site-cecilie\venv\Lib\site-packages\django\shortcuts.py", line 25, in render
    content = loader.render_to_string(template_name, context, request, using=using)
  File "C:\Users\igorm\Documents\projetos\site-cecilie\venv\Lib\site-packages\django\template\loader.py", line 61, in render_to_string
    template = get_template(template_name, using=using)
  File "C:\Users\igorm\Documents\projetos\site-cecilie\venv\Lib\site-packages\django\template\loader.py", line 19, in get_template
    raise TemplateDoesNotExist(template_name, chain=chain)
django.template.exceptions.TemplateDoesNotExist: register.html
2025-02-17 23:33:44,856 - WARNING - Not Found: /produtos/img/payment.png
2025-02-17 23:33:54,858 - WARNING - Not Found: /produtos/img/payment.png
2025-02-17 23:33:55,283 - WARNING - Not Found: /produtos/img/payment.png
2025-02-17 23:33:55,748 - WARNING - Not Found: /produtos/img/payment.png
2025-02-17 23:33:57,311 - WARNING - Not Found: /produtos/img/payment.png
2025-02-17 23:33:58,133 - WARNING - Not Found: /produtos/img/payment.png
2025-02-17 23:33:58,294 - WARNING - Not Found: /produtos/img/payment.png
2025-02-17 23:34:17,924 - WARNING - Not Found: /produtos/img/payment.png
2025-02-17 23:34:20,921 - ERROR - Internal Server Error: /login/
Traceback (most recent call last):
  File "C:\Users\igorm\Documents\projetos\site-cecilie\venv\Lib\site-packages\django\core\handlers\exception.py", line 55, in inner
    response = get_response(request)
  File "C:\Users\igorm\Documents\projetos\site-cecilie\venv\Lib\site-packages\django\core\handlers\base.py", line 220, in _get_response
    response = response.render()
  File "C:\Users\igorm\Documents\projetos\site-cecilie\venv\Lib\site-packages\django\template\response.py", line 114, in render
    self.content = self.rendered_content
                   ^^^^^^^^^^^^^^^^^^^^^
  File "C:\Users\igorm\Documents\projetos\site-cecilie\venv\Lib\site-packages\django\template\response.py", line 90, in rendered_content
    template = self.resolve_template(self.template_name)
  File "C:\Users\igorm\Documents\projetos\site-cecilie\venv\Lib\site-packages\django\template\response.py", line 72, in resolve_template
    return select_template(template, using=self.using)
  File "C:\Users\igorm\Documents\projetos\site-cecilie\venv\Lib\site-packages\django\template\loader.py", line 47, in select_template
    raise TemplateDoesNotExist(", ".join(template_name_list), chain=chain)
django.template.exceptions.TemplateDoesNotExist: login.html
2025-02-17 23:34:49,678 - WARNING - Not Found: /produtos/img/payment.png
2025-02-17 23:34:50,189 - WARNING - Not Found: /produtos/img/payment.png
2025-02-17 23:34:50,642 - WARNING - Not Found: /produtos/img/payment.png
2025-02-17 23:34:51,552 - WARNING - Not Found: /produtos/img/payment.png
2025-02-17 23:34:51,761 - WARNING - Not Found: /produtos/img/payment.png
2025-02-17 23:34:53,812 - ERROR - Internal Server Error: /login/
Traceback (most recent call last):
  File "C:\Users\igorm\Documents\projetos\site-cecilie\venv\Lib\site-packages\django\core\handlers\exception.py", line 55, in inner
    response = get_response(request)
  File "C:\Users\igorm\Documents\projetos\site-cecilie\venv\Lib\site-packages\django\core\handlers\base.py", line 220, in _get_response
    response = response.render()
  File "C:\Users\igorm\Documents\projetos\site-cecilie\venv\Lib\site-packages\django\template\response.py", line 114, in render
    self.content = self.rendered_content
                   ^^^^^^^^^^^^^^^^^^^^^
  File "C:\Users\igorm\Documents\projetos\site-cecilie\venv\Lib\site-packages\django\template\response.py", line 90, in rendered_content
    template = self.resolve_template(self.template_name)
  File "C:\Users\igorm\Documents\projetos\site-cecilie\venv\Lib\site-packages\django\template\response.py", line 72, in resolve_template
    return select_template(template, using=self.using)
  File "C:\Users\igorm\Documents\projetos\site-cecilie\venv\Lib\site-packages\django\template\loader.py", line 47, in select_template
    raise TemplateDoesNotExist(", ".join(template_name_list), chain=chain)
django.template.exceptions.TemplateDoesNotExist: login.html
2025-02-17 23:35:24,683 - WARNING - Not Found: /produtos/img/payment.png
2025-02-17 23:35:24,918 - WARNING - Not Found: /produtos/img/payment.png
2025-02-17 23:35:25,174 - WARNING - Not Found: /produtos/img/payment.png
2025-02-17 23:35:25,352 - WARNING - Not Found: /produtos/img/payment.png
2025-02-17 23:35:25,518 - WARNING - Not Found: /produtos/img/payment.png
2025-02-17 23:35:25,708 - WARNING - Not Found: /produtos/img/payment.png
2025-02-17 23:35:25,849 - WARNING - Not Found: /produtos/img/payment.png
2025-02-17 23:35:29,561 - ERROR - Internal Server Error: /login/
Traceback (most recent call last):
  File "C:\Users\igorm\Documents\projetos\site-cecilie\venv\Lib\site-packages\django\core\handlers\exception.py", line 55, in inner
    response = get_response(request)
  File "C:\Users\igorm\Documents\projetos\site-cecilie\venv\Lib\site-packages\django\core\handlers\base.py", line 220, in _get_response
    response = response.render()
  File "C:\Users\igorm\Documents\projetos\site-cecilie\venv\Lib\site-packages\django\template\response.py", line 114, in render
    self.content = self.rendered_content
                   ^^^^^^^^^^^^^^^^^^^^^
  File "C:\Users\igorm\Documents\projetos\site-cecilie\venv\Lib\site-packages\django\template\response.py", line 90, in rendered_content
    template = self.resolve_template(self.template_name)
  File "C:\Users\igorm\Documents\projetos\site-cecilie\venv\Lib\site-packages\django\template\response.py", line 72, in resolve_template
    return select_template(template, using=self.using)
  File "C:\Users\igorm\Documents\projetos\site-cecilie\venv\Lib\site-packages\django\template\loader.py", line 47, in select_template
    raise TemplateDoesNotExist(", ".join(template_name_list), chain=chain)
django.template.exceptions.TemplateDoesNotExist: login.html
2025-02-17 23:35:33,084 - WARNING - Not Found: /produtos/img/payment.png
2025-02-17 23:35:58,255 - WARNING - Not Found: /produtos/img/payment.png
2025-02-17 23:35:58,922 - WARNING - Not Found: /produtos/img/payment.png
2025-02-17 23:35:59,692 - WARNING - Not Found: /produtos/img/payment.png
2025-02-17 23:36:00,937 - INFO - Carrinho: 1, Criado agora? False
2025-02-17 23:36:02,538 - DEBUG - Starting new HTTPS connection (1): api.mercadopago.com:443
2025-02-17 23:36:02,931 - DEBUG - https://api.mercadopago.com:443 "POST /checkout/preferences HTTP/1.1" 400 93
2025-02-17 23:36:02,954 - WARNING - Not Found: /carrinho/img/payment.png
2025-02-17 23:37:15,387 - WARNING - Not Found: /produtos/img/payment.png
2025-02-17 23:37:16,911 - WARNING - Not Found: /login/img/payment.png
2025-02-17 23:38:47,315 - ERROR - Internal Server Error: /login/
Traceback (most recent call last):
  File "C:\Users\igorm\Documents\projetos\site-cecilie\venv\Lib\site-packages\django\template\backends\django.py", line 107, in render
    return self.template.render(context)
           ~~~~~~~~~~~~~~~~~~~~^^^^^^^^^
  File "C:\Users\igorm\Documents\projetos\site-cecilie\venv\Lib\site-packages\django\template\base.py", line 171, in render
    return self._render(context)
           ~~~~~~~~~~~~^^^^^^^^^
  File "C:\Users\igorm\Documents\projetos\site-cecilie\venv\Lib\site-packages\django\template\base.py", line 163, in _render
    return self.nodelist.render(context)
           ~~~~~~~~~~~~~~~~~~~~^^^^^^^^^
  File "C:\Users\igorm\Documents\projetos\site-cecilie\venv\Lib\site-packages\django\template\base.py", line 1008, in render
    return SafeString("".join([node.render_annotated(context) for node in self]))
                               ~~~~~~~~~~~~~~~~~~~~~^^^^^^^^^
  File "C:\Users\igorm\Documents\projetos\site-cecilie\venv\Lib\site-packages\django\template\base.py", line 969, in render_annotated
    return self.render(context)
           ~~~~~~~~~~~^^^^^^^^^
  File "C:\Users\igorm\Documents\projetos\site-cecilie\venv\Lib\site-packages\django\template\loader_tags.py", line 159, in render
    return compiled_parent._render(context)
           ~~~~~~~~~~~~~~~~~~~~~~~^^^^^^^^^
  File "C:\Users\igorm\Documents\projetos\site-cecilie\venv\Lib\site-packages\django\template\base.py", line 163, in _render
    return self.nodelist.render(context)
           ~~~~~~~~~~~~~~~~~~~~^^^^^^^^^
  File "C:\Users\igorm\Documents\projetos\site-cecilie\venv\Lib\site-packages\django\template\base.py", line 1008, in render
    return SafeString("".join([node.render_annotated(context) for node in self]))
                               ~~~~~~~~~~~~~~~~~~~~~^^^^^^^^^
  File "C:\Users\igorm\Documents\projetos\site-cecilie\venv\Lib\site-packages\django\template\base.py", line 969, in render_annotated
    return self.render(context)
           ~~~~~~~~~~~^^^^^^^^^
  File "C:\Users\igorm\Documents\projetos\site-cecilie\venv\Lib\site-packages\django\template\loader_tags.py", line 65, in render
    result = block.nodelist.render(context)
  File "C:\Users\igorm\Documents\projetos\site-cecilie\venv\Lib\site-packages\django\template\base.py", line 1008, in render
    return SafeString("".join([node.render_annotated(context) for node in self]))
                               ~~~~~~~~~~~~~~~~~~~~~^^^^^^^^^
  File "C:\Users\igorm\Documents\projetos\site-cecilie\venv\Lib\site-packages\django\template\base.py", line 969, in render_annotated
    return self.render(context)
           ~~~~~~~~~~~^^^^^^^^^
  File "C:\Users\igorm\Documents\projetos\site-cecilie\venv\Lib\site-packages\django\template\loader_tags.py", line 199, in render
    template = context.template.engine.select_template(template_name)
  File "C:\Users\igorm\Documents\projetos\site-cecilie\venv\Lib\site-packages\django\template\engine.py", line 214, in select_template
    raise TemplateDoesNotExist(", ".join(not_found))
django.template.exceptions.TemplateDoesNotExist: parciais/authentication/nav_bar.html

The above exception was the direct cause of the following exception:

Traceback (most recent call last):
  File "C:\Users\igorm\Documents\projetos\site-cecilie\venv\Lib\site-packages\django\core\handlers\exception.py", line 55, in inner
    response = get_response(request)
  File "C:\Users\igorm\Documents\projetos\site-cecilie\venv\Lib\site-packages\django\core\handlers\base.py", line 220, in _get_response
    response = response.render()
  File "C:\Users\igorm\Documents\projetos\site-cecilie\venv\Lib\site-packages\django\template\response.py", line 114, in render
    self.content = self.rendered_content
                   ^^^^^^^^^^^^^^^^^^^^^
  File "C:\Users\igorm\Documents\projetos\site-cecilie\venv\Lib\site-packages\django\template\response.py", line 92, in rendered_content
    return template.render(context, self._request)
           ~~~~~~~~~~~~~~~^^^^^^^^^^^^^^^^^^^^^^^^
  File "C:\Users\igorm\Documents\projetos\site-cecilie\venv\Lib\site-packages\django\template\backends\django.py", line 109, in render
    reraise(exc, self.backend)
    ~~~~~~~^^^^^^^^^^^^^^^^^^^
  File "C:\Users\igorm\Documents\projetos\site-cecilie\venv\Lib\site-packages\django\template\backends\django.py", line 130, in reraise
    raise new from exc
django.template.exceptions.TemplateDoesNotExist: parciais/authentication/nav_bar.html
2025-02-17 23:40:38,845 - WARNING - Not Found: /login/img/payment.png
2025-02-17 23:41:01,717 - WARNING - Not Found: /login/img/payment.png
2025-02-17 23:41:59,461 - WARNING - Not Found: /login/img/payment.png
2025-02-17 23:42:28,327 - WARNING - Not Found: /login/static/img
2025-02-17 23:42:28,331 - WARNING - Not Found: /login/img/payment.png
2025-02-17 23:42:28,753 - WARNING - Not Found: /login/static/img
2025-02-17 23:42:28,760 - WARNING - Not Found: /login/img/payment.png
2025-02-17 23:42:29,236 - WARNING - Not Found: /login/static/img/logo.png
2025-02-17 23:42:29,241 - WARNING - Not Found: /login/img/payment.png
2025-02-17 23:42:29,399 - WARNING - Not Found: /login/static/img/logo.png
2025-02-17 23:42:29,402 - WARNING - Not Found: /login/img/payment.png
2025-02-17 23:42:29,549 - WARNING - Not Found: /login/static/img/logo.png
2025-02-17 23:42:29,554 - WARNING - Not Found: /login/img/payment.png
2025-02-17 23:42:44,752 - WARNING - Not Found: /login/static/img/logo.png
2025-02-17 23:42:44,756 - WARNING - Not Found: /login/img/payment.png
2025-02-17 23:42:45,141 - WARNING - Not Found: /login/static/img/logo.jpeg
2025-02-17 23:42:45,147 - WARNING - Not Found: /login/img/payment.png
2025-02-17 23:42:45,523 - WARNING - Not Found: /login/static/img/logo.jpeg
2025-02-17 23:42:45,530 - WARNING - Not Found: /login/img/payment.png
2025-02-17 23:42:45,830 - WARNING - Not Found: /login/static/img/logo.jpeg
2025-02-17 23:42:45,834 - WARNING - Not Found: /login/img/payment.png
2025-02-17 23:42:46,036 - WARNING - Not Found: /login/static/img/logo.jpeg
2025-02-17 23:42:46,041 - WARNING - Not Found: /login/img/payment.png
2025-02-17 23:42:46,205 - WARNING - Not Found: /login/img/payment.png
2025-02-17 23:42:46,210 - WARNING - Not Found: /login/static/img/logo.jpeg
2025-02-17 23:42:46,397 - WARNING - Not Found: /login/static/img/logo.jpeg
2025-02-17 23:42:46,401 - WARNING - Not Found: /login/img/payment.png
2025-02-17 23:42:46,567 - WARNING - Not Found: /login/static/img/logo.jpeg
2025-02-17 23:42:46,573 - WARNING - Not Found: /login/img/payment.png
2025-02-17 23:42:46,731 - WARNING - Not Found: /login/static/img/logo.jpeg
2025-02-17 23:42:46,735 - WARNING - Not Found: /login/img/payment.png
2025-02-17 23:42:46,913 - WARNING - Not Found: /login/static/img/logo.jpeg
2025-02-17 23:42:46,917 - WARNING - Not Found: /login/img/payment.png
2025-02-17 23:42:52,707 - WARNING - Not Found: /login/img/payment.png
2025-02-17 23:42:53,710 - WARNING - Not Found: /login/img/payment.png
2025-02-17 23:42:54,070 - WARNING - Not Found: /login/img/payment.png
2025-02-17 23:42:54,284 - WARNING - Not Found: /login/img/payment.png
2025-02-17 23:43:10,196 - WARNING - Not Found: /login/img/payment.png
2025-02-17 23:43:10,381 - WARNING - Not Found: /login/img/payment.png
2025-02-17 23:43:10,560 - WARNING - Not Found: /login/img/payment.png
2025-02-17 23:43:10,797 - WARNING - Not Found: /login/img/payment.png
2025-02-17 23:43:10,966 - WARNING - Not Found: /login/img/payment.png
2025-02-17 23:43:18,852 - WARNING - Not Found: /login/img/payment.png
2025-02-17 23:43:18,999 - WARNING - Not Found: /login/img/payment.png
2025-02-17 23:43:19,559 - WARNING - Not Found: /login/img/payment.png
2025-02-17 23:43:20,094 - WARNING - Not Found: /login/img/payment.png
2025-02-17 23:43:20,608 - WARNING - Not Found: /favicon.ico
2025-02-17 23:43:35,773 - WARNING - Not Found: /login/img/payment.png
2025-02-17 23:43:36,305 - WARNING - Not Found: /login/img/payment.png
2025-02-17 23:43:36,675 - WARNING - Not Found: /login/img/payment.png
2025-02-17 23:43:36,853 - WARNING - Not Found: /login/img/payment.png
2025-02-17 23:43:37,000 - WARNING - Not Found: /login/img/payment.png
2025-02-17 23:43:48,123 - WARNING - Not Found: /login/img/payment.png
2025-02-17 23:43:48,348 - WARNING - Not Found: /login/img/payment.png
2025-02-17 23:43:48,534 - WARNING - Not Found: /login/img/payment.png
2025-02-17 23:43:48,744 - WARNING - Not Found: /login/img/payment.png
2025-02-17 23:43:48,931 - WARNING - Not Found: /login/img/payment.png
2025-02-17 23:43:49,117 - WARNING - Not Found: /login/img/payment.png
2025-02-17 23:43:49,351 - WARNING - Not Found: /login/img/payment.png
2025-02-17 23:43:49,487 - WARNING - Not Found: /login/img/payment.png
2025-02-17 23:44:02,848 - WARNING - Not Found: /login/img/payment.png
2025-02-17 23:44:03,276 - WARNING - Not Found: /login/img/payment.png
2025-02-17 23:44:03,432 - WARNING - Not Found: /login/img/payment.png
2025-02-17 23:44:03,615 - WARNING - Not Found: /login/img/payment.png
2025-02-17 23:44:03,751 - WARNING - Not Found: /login/img/payment.png
2025-02-17 23:45:14,008 - WARNING - Not Found: /login/img/payment.png
2025-02-17 23:45:30,039 - ERROR - Internal Server Error: /quantidade-carrinho/
Traceback (most recent call last):
  File "C:\Users\igorm\Documents\projetos\site-cecilie\venv\Lib\site-packages\django\core\handlers\exception.py", line 55, in inner
    response = get_response(request)
  File "C:\Users\igorm\Documents\projetos\site-cecilie\venv\Lib\site-packages\django\core\handlers\base.py", line 197, in _get_response
    response = wrapped_callback(request, *callback_args, **callback_kwargs)
  File "C:\Users\igorm\Documents\projetos\site-cecilie\carrinho\views.py", line 77, in obter_quantidade_carrinho_htmx
    user = Usuario.objects.get(username=usuario)
  File "C:\Users\igorm\Documents\projetos\site-cecilie\venv\Lib\site-packages\django\db\models\manager.py", line 87, in manager_method
    return getattr(self.get_queryset(), name)(*args, **kwargs)
           ~~~~~~~~~~~~~~~~~~~~~~~~~~~~~~~~~~^^^^^^^^^^^^^^^^^
  File "C:\Users\igorm\Documents\projetos\site-cecilie\venv\Lib\site-packages\django\db\models\query.py", line 649, in get
    raise self.model.DoesNotExist(
        "%s matching query does not exist." % self.model._meta.object_name
    )
authentication.models.Usuario.DoesNotExist: Usuario matching query does not exist.
2025-02-17 23:45:30,072 - WARNING - Not Found: /produtos/img/payment.png
2025-02-17 23:45:32,052 - WARNING - Not Found: /login/img/payment.png
2025-02-17 23:47:34,535 - WARNING - Not Found: /login/img/payment.png
2025-02-17 23:47:54,552 - WARNING - Not Found: /login/img/payment.png
2025-02-17 23:48:38,257 - INFO - C:\Users\igorm\Documents\projetos\site-cecilie\authentication\forms.py changed, reloading.
2025-02-17 23:48:41,713 - INFO - C:\Users\igorm\Documents\projetos\site-cecilie\authentication\forms.py changed, reloading.
2025-02-17 23:48:44,839 - WARNING - Not Found: /login/img/payment.png
2025-02-17 23:48:45,283 - INFO - C:\Users\igorm\Documents\projetos\site-cecilie\authentication\forms.py changed, reloading.
2025-02-17 23:48:47,544 - WARNING - Not Found: /login/img/payment.png
2025-02-17 23:49:21,025 - WARNING - Not Found: /login/img/payment.png
2025-02-17 23:49:21,434 - WARNING - Not Found: /login/img/payment.png
2025-02-17 23:49:21,824 - WARNING - Not Found: /login/img/payment.png
2025-02-17 23:49:21,999 - WARNING - Not Found: /login/img/payment.png
2025-02-17 23:49:22,150 - WARNING - Not Found: /login/img/payment.png
2025-02-17 23:49:24,769 - WARNING - Not Found: /login/img/payment.png
2025-02-17 23:49:42,557 - ERROR - Internal Server Error: /login/
Traceback (most recent call last):
  File "C:\Users\igorm\Documents\projetos\site-cecilie\venv\Lib\site-packages\django\core\handlers\exception.py", line 55, in inner
    response = get_response(request)
  File "C:\Users\igorm\Documents\projetos\site-cecilie\venv\Lib\site-packages\django\core\handlers\base.py", line 197, in _get_response
    response = wrapped_callback(request, *callback_args, **callback_kwargs)
  File "C:\Users\igorm\Documents\projetos\site-cecilie\venv\Lib\site-packages\django\views\generic\base.py", line 104, in view
    return self.dispatch(request, *args, **kwargs)
           ~~~~~~~~~~~~~^^^^^^^^^^^^^^^^^^^^^^^^^^
  File "C:\Users\igorm\Documents\projetos\site-cecilie\venv\Lib\site-packages\django\utils\decorators.py", line 48, in _wrapper
    return bound_method(*args, **kwargs)
  File "C:\Users\igorm\Documents\projetos\site-cecilie\venv\Lib\site-packages\django\utils\decorators.py", line 48, in _wrapper
    return bound_method(*args, **kwargs)
  File "C:\Users\igorm\Documents\projetos\site-cecilie\venv\Lib\site-packages\django\views\decorators\debug.py", line 143, in sensitive_post_parameters_wrapper
    return view(request, *args, **kwargs)
  File "C:\Users\igorm\Documents\projetos\site-cecilie\venv\Lib\site-packages\django\utils\decorators.py", line 48, in _wrapper
    return bound_method(*args, **kwargs)
  File "C:\Users\igorm\Documents\projetos\site-cecilie\venv\Lib\site-packages\django\utils\decorators.py", line 188, in _view_wrapper
    result = _process_exception(request, e)
  File "C:\Users\igorm\Documents\projetos\site-cecilie\venv\Lib\site-packages\django\utils\decorators.py", line 186, in _view_wrapper
    response = view_func(request, *args, **kwargs)
  File "C:\Users\igorm\Documents\projetos\site-cecilie\venv\Lib\site-packages\django\utils\decorators.py", line 48, in _wrapper
    return bound_method(*args, **kwargs)
  File "C:\Users\igorm\Documents\projetos\site-cecilie\venv\Lib\site-packages\django\views\decorators\cache.py", line 80, in _view_wrapper
    response = view_func(request, *args, **kwargs)
  File "C:\Users\igorm\Documents\projetos\site-cecilie\venv\Lib\site-packages\django\contrib\auth\views.py", line 89, in dispatch
    return super().dispatch(request, *args, **kwargs)
           ~~~~~~~~~~~~~~~~^^^^^^^^^^^^^^^^^^^^^^^^^^
  File "C:\Users\igorm\Documents\projetos\site-cecilie\venv\Lib\site-packages\django\views\generic\base.py", line 143, in dispatch
    return handler(request, *args, **kwargs)
  File "C:\Users\igorm\Documents\projetos\site-cecilie\authentication\views.py", line 55, in get
    return render(request, "login.html", {"form": self.form_class,'title':'Login'})
  File "C:\Users\igorm\Documents\projetos\site-cecilie\venv\Lib\site-packages\django\shortcuts.py", line 25, in render
    content = loader.render_to_string(template_name, context, request, using=using)
  File "C:\Users\igorm\Documents\projetos\site-cecilie\venv\Lib\site-packages\django\template\loader.py", line 62, in render_to_string
    return template.render(context, request)
           ~~~~~~~~~~~~~~~^^^^^^^^^^^^^^^^^^
  File "C:\Users\igorm\Documents\projetos\site-cecilie\venv\Lib\site-packages\django\template\backends\django.py", line 107, in render
    return self.template.render(context)
           ~~~~~~~~~~~~~~~~~~~~^^^^^^^^^
  File "C:\Users\igorm\Documents\projetos\site-cecilie\venv\Lib\site-packages\django\template\base.py", line 171, in render
    return self._render(context)
           ~~~~~~~~~~~~^^^^^^^^^
  File "C:\Users\igorm\Documents\projetos\site-cecilie\venv\Lib\site-packages\django\template\base.py", line 163, in _render
    return self.nodelist.render(context)
           ~~~~~~~~~~~~~~~~~~~~^^^^^^^^^
  File "C:\Users\igorm\Documents\projetos\site-cecilie\venv\Lib\site-packages\django\template\base.py", line 1008, in render
    return SafeString("".join([node.render_annotated(context) for node in self]))
                               ~~~~~~~~~~~~~~~~~~~~~^^^^^^^^^
  File "C:\Users\igorm\Documents\projetos\site-cecilie\venv\Lib\site-packages\django\template\base.py", line 969, in render_annotated
    return self.render(context)
           ~~~~~~~~~~~^^^^^^^^^
  File "C:\Users\igorm\Documents\projetos\site-cecilie\venv\Lib\site-packages\django\template\loader_tags.py", line 159, in render
    return compiled_parent._render(context)
           ~~~~~~~~~~~~~~~~~~~~~~~^^^^^^^^^
  File "C:\Users\igorm\Documents\projetos\site-cecilie\venv\Lib\site-packages\django\template\base.py", line 163, in _render
    return self.nodelist.render(context)
           ~~~~~~~~~~~~~~~~~~~~^^^^^^^^^
  File "C:\Users\igorm\Documents\projetos\site-cecilie\venv\Lib\site-packages\django\template\base.py", line 1008, in render
    return SafeString("".join([node.render_annotated(context) for node in self]))
                               ~~~~~~~~~~~~~~~~~~~~~^^^^^^^^^
  File "C:\Users\igorm\Documents\projetos\site-cecilie\venv\Lib\site-packages\django\template\base.py", line 969, in render_annotated
    return self.render(context)
           ~~~~~~~~~~~^^^^^^^^^
  File "C:\Users\igorm\Documents\projetos\site-cecilie\venv\Lib\site-packages\django\template\loader_tags.py", line 65, in render
    result = block.nodelist.render(context)
  File "C:\Users\igorm\Documents\projetos\site-cecilie\venv\Lib\site-packages\django\template\base.py", line 1008, in render
    return SafeString("".join([node.render_annotated(context) for node in self]))
                               ~~~~~~~~~~~~~~~~~~~~~^^^^^^^^^
  File "C:\Users\igorm\Documents\projetos\site-cecilie\venv\Lib\site-packages\django\template\base.py", line 969, in render_annotated
    return self.render(context)
           ~~~~~~~~~~~^^^^^^^^^
  File "C:\Users\igorm\Documents\projetos\site-cecilie\venv\Lib\site-packages\django\template\loader_tags.py", line 210, in render
    return template.render(context)
           ~~~~~~~~~~~~~~~^^^^^^^^^
  File "C:\Users\igorm\Documents\projetos\site-cecilie\venv\Lib\site-packages\django\template\base.py", line 173, in render
    return self._render(context)
           ~~~~~~~~~~~~^^^^^^^^^
  File "C:\Users\igorm\Documents\projetos\site-cecilie\venv\Lib\site-packages\django\template\base.py", line 163, in _render
    return self.nodelist.render(context)
           ~~~~~~~~~~~~~~~~~~~~^^^^^^^^^
  File "C:\Users\igorm\Documents\projetos\site-cecilie\venv\Lib\site-packages\django\template\base.py", line 1008, in render
    return SafeString("".join([node.render_annotated(context) for node in self]))
                               ~~~~~~~~~~~~~~~~~~~~~^^^^^^^^^
  File "C:\Users\igorm\Documents\projetos\site-cecilie\venv\Lib\site-packages\django\template\base.py", line 969, in render_annotated
    return self.render(context)
           ~~~~~~~~~~~^^^^^^^^^
  File "C:\Users\igorm\Documents\projetos\site-cecilie\venv\Lib\site-packages\django\template\defaulttags.py", line 480, in render
    url = reverse(view_name, args=args, kwargs=kwargs, current_app=current_app)
  File "C:\Users\igorm\Documents\projetos\site-cecilie\venv\Lib\site-packages\django\urls\base.py", line 88, in reverse
    return resolver._reverse_with_prefix(view, prefix, *args, **kwargs)
           ~~~~~~~~~~~~~~~~~~~~~~~~~~~~~^^^^^^^^^^^^^^^^^^^^^^^^^^^^^^^
  File "C:\Users\igorm\Documents\projetos\site-cecilie\venv\Lib\site-packages\django\urls\resolvers.py", line 831, in _reverse_with_prefix
    raise NoReverseMatch(msg)
django.urls.exceptions.NoReverseMatch: Reverse for 'Login' not found. 'Login' is not a valid view function or pattern name.
2025-02-17 23:49:44,633 - ERROR - Internal Server Error: /login/
Traceback (most recent call last):
  File "C:\Users\igorm\Documents\projetos\site-cecilie\venv\Lib\site-packages\django\core\handlers\exception.py", line 55, in inner
    response = get_response(request)
  File "C:\Users\igorm\Documents\projetos\site-cecilie\venv\Lib\site-packages\django\core\handlers\base.py", line 197, in _get_response
    response = wrapped_callback(request, *callback_args, **callback_kwargs)
  File "C:\Users\igorm\Documents\projetos\site-cecilie\venv\Lib\site-packages\django\views\generic\base.py", line 104, in view
    return self.dispatch(request, *args, **kwargs)
           ~~~~~~~~~~~~~^^^^^^^^^^^^^^^^^^^^^^^^^^
  File "C:\Users\igorm\Documents\projetos\site-cecilie\venv\Lib\site-packages\django\utils\decorators.py", line 48, in _wrapper
    return bound_method(*args, **kwargs)
  File "C:\Users\igorm\Documents\projetos\site-cecilie\venv\Lib\site-packages\django\utils\decorators.py", line 48, in _wrapper
    return bound_method(*args, **kwargs)
  File "C:\Users\igorm\Documents\projetos\site-cecilie\venv\Lib\site-packages\django\views\decorators\debug.py", line 143, in sensitive_post_parameters_wrapper
    return view(request, *args, **kwargs)
  File "C:\Users\igorm\Documents\projetos\site-cecilie\venv\Lib\site-packages\django\utils\decorators.py", line 48, in _wrapper
    return bound_method(*args, **kwargs)
  File "C:\Users\igorm\Documents\projetos\site-cecilie\venv\Lib\site-packages\django\utils\decorators.py", line 188, in _view_wrapper
    result = _process_exception(request, e)
  File "C:\Users\igorm\Documents\projetos\site-cecilie\venv\Lib\site-packages\django\utils\decorators.py", line 186, in _view_wrapper
    response = view_func(request, *args, **kwargs)
  File "C:\Users\igorm\Documents\projetos\site-cecilie\venv\Lib\site-packages\django\utils\decorators.py", line 48, in _wrapper
    return bound_method(*args, **kwargs)
  File "C:\Users\igorm\Documents\projetos\site-cecilie\venv\Lib\site-packages\django\views\decorators\cache.py", line 80, in _view_wrapper
    response = view_func(request, *args, **kwargs)
  File "C:\Users\igorm\Documents\projetos\site-cecilie\venv\Lib\site-packages\django\contrib\auth\views.py", line 89, in dispatch
    return super().dispatch(request, *args, **kwargs)
           ~~~~~~~~~~~~~~~~^^^^^^^^^^^^^^^^^^^^^^^^^^
  File "C:\Users\igorm\Documents\projetos\site-cecilie\venv\Lib\site-packages\django\views\generic\base.py", line 143, in dispatch
    return handler(request, *args, **kwargs)
  File "C:\Users\igorm\Documents\projetos\site-cecilie\authentication\views.py", line 55, in get
    return render(request, "login.html", {"form": self.form_class,'title':'Login'})
  File "C:\Users\igorm\Documents\projetos\site-cecilie\venv\Lib\site-packages\django\shortcuts.py", line 25, in render
    content = loader.render_to_string(template_name, context, request, using=using)
  File "C:\Users\igorm\Documents\projetos\site-cecilie\venv\Lib\site-packages\django\template\loader.py", line 62, in render_to_string
    return template.render(context, request)
           ~~~~~~~~~~~~~~~^^^^^^^^^^^^^^^^^^
  File "C:\Users\igorm\Documents\projetos\site-cecilie\venv\Lib\site-packages\django\template\backends\django.py", line 107, in render
    return self.template.render(context)
           ~~~~~~~~~~~~~~~~~~~~^^^^^^^^^
  File "C:\Users\igorm\Documents\projetos\site-cecilie\venv\Lib\site-packages\django\template\base.py", line 171, in render
    return self._render(context)
           ~~~~~~~~~~~~^^^^^^^^^
  File "C:\Users\igorm\Documents\projetos\site-cecilie\venv\Lib\site-packages\django\template\base.py", line 163, in _render
    return self.nodelist.render(context)
           ~~~~~~~~~~~~~~~~~~~~^^^^^^^^^
  File "C:\Users\igorm\Documents\projetos\site-cecilie\venv\Lib\site-packages\django\template\base.py", line 1008, in render
    return SafeString("".join([node.render_annotated(context) for node in self]))
                               ~~~~~~~~~~~~~~~~~~~~~^^^^^^^^^
  File "C:\Users\igorm\Documents\projetos\site-cecilie\venv\Lib\site-packages\django\template\base.py", line 969, in render_annotated
    return self.render(context)
           ~~~~~~~~~~~^^^^^^^^^
  File "C:\Users\igorm\Documents\projetos\site-cecilie\venv\Lib\site-packages\django\template\loader_tags.py", line 159, in render
    return compiled_parent._render(context)
           ~~~~~~~~~~~~~~~~~~~~~~~^^^^^^^^^
  File "C:\Users\igorm\Documents\projetos\site-cecilie\venv\Lib\site-packages\django\template\base.py", line 163, in _render
    return self.nodelist.render(context)
           ~~~~~~~~~~~~~~~~~~~~^^^^^^^^^
  File "C:\Users\igorm\Documents\projetos\site-cecilie\venv\Lib\site-packages\django\template\base.py", line 1008, in render
    return SafeString("".join([node.render_annotated(context) for node in self]))
                               ~~~~~~~~~~~~~~~~~~~~~^^^^^^^^^
  File "C:\Users\igorm\Documents\projetos\site-cecilie\venv\Lib\site-packages\django\template\base.py", line 969, in render_annotated
    return self.render(context)
           ~~~~~~~~~~~^^^^^^^^^
  File "C:\Users\igorm\Documents\projetos\site-cecilie\venv\Lib\site-packages\django\template\loader_tags.py", line 65, in render
    result = block.nodelist.render(context)
  File "C:\Users\igorm\Documents\projetos\site-cecilie\venv\Lib\site-packages\django\template\base.py", line 1008, in render
    return SafeString("".join([node.render_annotated(context) for node in self]))
                               ~~~~~~~~~~~~~~~~~~~~~^^^^^^^^^
  File "C:\Users\igorm\Documents\projetos\site-cecilie\venv\Lib\site-packages\django\template\base.py", line 969, in render_annotated
    return self.render(context)
           ~~~~~~~~~~~^^^^^^^^^
  File "C:\Users\igorm\Documents\projetos\site-cecilie\venv\Lib\site-packages\django\template\loader_tags.py", line 210, in render
    return template.render(context)
           ~~~~~~~~~~~~~~~^^^^^^^^^
  File "C:\Users\igorm\Documents\projetos\site-cecilie\venv\Lib\site-packages\django\template\base.py", line 173, in render
    return self._render(context)
           ~~~~~~~~~~~~^^^^^^^^^
  File "C:\Users\igorm\Documents\projetos\site-cecilie\venv\Lib\site-packages\django\template\base.py", line 163, in _render
    return self.nodelist.render(context)
           ~~~~~~~~~~~~~~~~~~~~^^^^^^^^^
  File "C:\Users\igorm\Documents\projetos\site-cecilie\venv\Lib\site-packages\django\template\base.py", line 1008, in render
    return SafeString("".join([node.render_annotated(context) for node in self]))
                               ~~~~~~~~~~~~~~~~~~~~~^^^^^^^^^
  File "C:\Users\igorm\Documents\projetos\site-cecilie\venv\Lib\site-packages\django\template\base.py", line 969, in render_annotated
    return self.render(context)
           ~~~~~~~~~~~^^^^^^^^^
  File "C:\Users\igorm\Documents\projetos\site-cecilie\venv\Lib\site-packages\django\template\defaulttags.py", line 480, in render
    url = reverse(view_name, args=args, kwargs=kwargs, current_app=current_app)
  File "C:\Users\igorm\Documents\projetos\site-cecilie\venv\Lib\site-packages\django\urls\base.py", line 88, in reverse
    return resolver._reverse_with_prefix(view, prefix, *args, **kwargs)
           ~~~~~~~~~~~~~~~~~~~~~~~~~~~~~^^^^^^^^^^^^^^^^^^^^^^^^^^^^^^^
  File "C:\Users\igorm\Documents\projetos\site-cecilie\venv\Lib\site-packages\django\urls\resolvers.py", line 831, in _reverse_with_prefix
    raise NoReverseMatch(msg)
django.urls.exceptions.NoReverseMatch: Reverse for 'Login' not found. 'Login' is not a valid view function or pattern name.
2025-02-17 23:49:47,155 - ERROR - Internal Server Error: /login/
Traceback (most recent call last):
  File "C:\Users\igorm\Documents\projetos\site-cecilie\venv\Lib\site-packages\django\core\handlers\exception.py", line 55, in inner
    response = get_response(request)
  File "C:\Users\igorm\Documents\projetos\site-cecilie\venv\Lib\site-packages\django\core\handlers\base.py", line 197, in _get_response
    response = wrapped_callback(request, *callback_args, **callback_kwargs)
  File "C:\Users\igorm\Documents\projetos\site-cecilie\venv\Lib\site-packages\django\views\generic\base.py", line 104, in view
    return self.dispatch(request, *args, **kwargs)
           ~~~~~~~~~~~~~^^^^^^^^^^^^^^^^^^^^^^^^^^
  File "C:\Users\igorm\Documents\projetos\site-cecilie\venv\Lib\site-packages\django\utils\decorators.py", line 48, in _wrapper
    return bound_method(*args, **kwargs)
  File "C:\Users\igorm\Documents\projetos\site-cecilie\venv\Lib\site-packages\django\utils\decorators.py", line 48, in _wrapper
    return bound_method(*args, **kwargs)
  File "C:\Users\igorm\Documents\projetos\site-cecilie\venv\Lib\site-packages\django\views\decorators\debug.py", line 143, in sensitive_post_parameters_wrapper
    return view(request, *args, **kwargs)
  File "C:\Users\igorm\Documents\projetos\site-cecilie\venv\Lib\site-packages\django\utils\decorators.py", line 48, in _wrapper
    return bound_method(*args, **kwargs)
  File "C:\Users\igorm\Documents\projetos\site-cecilie\venv\Lib\site-packages\django\utils\decorators.py", line 188, in _view_wrapper
    result = _process_exception(request, e)
  File "C:\Users\igorm\Documents\projetos\site-cecilie\venv\Lib\site-packages\django\utils\decorators.py", line 186, in _view_wrapper
    response = view_func(request, *args, **kwargs)
  File "C:\Users\igorm\Documents\projetos\site-cecilie\venv\Lib\site-packages\django\utils\decorators.py", line 48, in _wrapper
    return bound_method(*args, **kwargs)
  File "C:\Users\igorm\Documents\projetos\site-cecilie\venv\Lib\site-packages\django\views\decorators\cache.py", line 80, in _view_wrapper
    response = view_func(request, *args, **kwargs)
  File "C:\Users\igorm\Documents\projetos\site-cecilie\venv\Lib\site-packages\django\contrib\auth\views.py", line 89, in dispatch
    return super().dispatch(request, *args, **kwargs)
           ~~~~~~~~~~~~~~~~^^^^^^^^^^^^^^^^^^^^^^^^^^
  File "C:\Users\igorm\Documents\projetos\site-cecilie\venv\Lib\site-packages\django\views\generic\base.py", line 143, in dispatch
    return handler(request, *args, **kwargs)
  File "C:\Users\igorm\Documents\projetos\site-cecilie\authentication\views.py", line 55, in get
    return render(request, "login.html", {"form": self.form_class,'title':'Login'})
  File "C:\Users\igorm\Documents\projetos\site-cecilie\venv\Lib\site-packages\django\shortcuts.py", line 25, in render
    content = loader.render_to_string(template_name, context, request, using=using)
  File "C:\Users\igorm\Documents\projetos\site-cecilie\venv\Lib\site-packages\django\template\loader.py", line 62, in render_to_string
    return template.render(context, request)
           ~~~~~~~~~~~~~~~^^^^^^^^^^^^^^^^^^
  File "C:\Users\igorm\Documents\projetos\site-cecilie\venv\Lib\site-packages\django\template\backends\django.py", line 107, in render
    return self.template.render(context)
           ~~~~~~~~~~~~~~~~~~~~^^^^^^^^^
  File "C:\Users\igorm\Documents\projetos\site-cecilie\venv\Lib\site-packages\django\template\base.py", line 171, in render
    return self._render(context)
           ~~~~~~~~~~~~^^^^^^^^^
  File "C:\Users\igorm\Documents\projetos\site-cecilie\venv\Lib\site-packages\django\template\base.py", line 163, in _render
    return self.nodelist.render(context)
           ~~~~~~~~~~~~~~~~~~~~^^^^^^^^^
  File "C:\Users\igorm\Documents\projetos\site-cecilie\venv\Lib\site-packages\django\template\base.py", line 1008, in render
    return SafeString("".join([node.render_annotated(context) for node in self]))
                               ~~~~~~~~~~~~~~~~~~~~~^^^^^^^^^
  File "C:\Users\igorm\Documents\projetos\site-cecilie\venv\Lib\site-packages\django\template\base.py", line 969, in render_annotated
    return self.render(context)
           ~~~~~~~~~~~^^^^^^^^^
  File "C:\Users\igorm\Documents\projetos\site-cecilie\venv\Lib\site-packages\django\template\loader_tags.py", line 159, in render
    return compiled_parent._render(context)
           ~~~~~~~~~~~~~~~~~~~~~~~^^^^^^^^^
  File "C:\Users\igorm\Documents\projetos\site-cecilie\venv\Lib\site-packages\django\template\base.py", line 163, in _render
    return self.nodelist.render(context)
           ~~~~~~~~~~~~~~~~~~~~^^^^^^^^^
  File "C:\Users\igorm\Documents\projetos\site-cecilie\venv\Lib\site-packages\django\template\base.py", line 1008, in render
    return SafeString("".join([node.render_annotated(context) for node in self]))
                               ~~~~~~~~~~~~~~~~~~~~~^^^^^^^^^
  File "C:\Users\igorm\Documents\projetos\site-cecilie\venv\Lib\site-packages\django\template\base.py", line 969, in render_annotated
    return self.render(context)
           ~~~~~~~~~~~^^^^^^^^^
  File "C:\Users\igorm\Documents\projetos\site-cecilie\venv\Lib\site-packages\django\template\loader_tags.py", line 65, in render
    result = block.nodelist.render(context)
  File "C:\Users\igorm\Documents\projetos\site-cecilie\venv\Lib\site-packages\django\template\base.py", line 1008, in render
    return SafeString("".join([node.render_annotated(context) for node in self]))
                               ~~~~~~~~~~~~~~~~~~~~~^^^^^^^^^
  File "C:\Users\igorm\Documents\projetos\site-cecilie\venv\Lib\site-packages\django\template\base.py", line 969, in render_annotated
    return self.render(context)
           ~~~~~~~~~~~^^^^^^^^^
  File "C:\Users\igorm\Documents\projetos\site-cecilie\venv\Lib\site-packages\django\template\loader_tags.py", line 210, in render
    return template.render(context)
           ~~~~~~~~~~~~~~~^^^^^^^^^
  File "C:\Users\igorm\Documents\projetos\site-cecilie\venv\Lib\site-packages\django\template\base.py", line 173, in render
    return self._render(context)
           ~~~~~~~~~~~~^^^^^^^^^
  File "C:\Users\igorm\Documents\projetos\site-cecilie\venv\Lib\site-packages\django\template\base.py", line 163, in _render
    return self.nodelist.render(context)
           ~~~~~~~~~~~~~~~~~~~~^^^^^^^^^
  File "C:\Users\igorm\Documents\projetos\site-cecilie\venv\Lib\site-packages\django\template\base.py", line 1008, in render
    return SafeString("".join([node.render_annotated(context) for node in self]))
                               ~~~~~~~~~~~~~~~~~~~~~^^^^^^^^^
  File "C:\Users\igorm\Documents\projetos\site-cecilie\venv\Lib\site-packages\django\template\base.py", line 969, in render_annotated
    return self.render(context)
           ~~~~~~~~~~~^^^^^^^^^
  File "C:\Users\igorm\Documents\projetos\site-cecilie\venv\Lib\site-packages\django\template\defaulttags.py", line 480, in render
    url = reverse(view_name, args=args, kwargs=kwargs, current_app=current_app)
  File "C:\Users\igorm\Documents\projetos\site-cecilie\venv\Lib\site-packages\django\urls\base.py", line 88, in reverse
    return resolver._reverse_with_prefix(view, prefix, *args, **kwargs)
           ~~~~~~~~~~~~~~~~~~~~~~~~~~~~~^^^^^^^^^^^^^^^^^^^^^^^^^^^^^^^
  File "C:\Users\igorm\Documents\projetos\site-cecilie\venv\Lib\site-packages\django\urls\resolvers.py", line 831, in _reverse_with_prefix
    raise NoReverseMatch(msg)
django.urls.exceptions.NoReverseMatch: Reverse for 'Login' not found. 'Login' is not a valid view function or pattern name.
2025-02-17 23:49:49,365 - ERROR - Internal Server Error: /login/
Traceback (most recent call last):
  File "C:\Users\igorm\Documents\projetos\site-cecilie\venv\Lib\site-packages\django\core\handlers\exception.py", line 55, in inner
    response = get_response(request)
  File "C:\Users\igorm\Documents\projetos\site-cecilie\venv\Lib\site-packages\django\core\handlers\base.py", line 197, in _get_response
    response = wrapped_callback(request, *callback_args, **callback_kwargs)
  File "C:\Users\igorm\Documents\projetos\site-cecilie\venv\Lib\site-packages\django\views\generic\base.py", line 104, in view
    return self.dispatch(request, *args, **kwargs)
           ~~~~~~~~~~~~~^^^^^^^^^^^^^^^^^^^^^^^^^^
  File "C:\Users\igorm\Documents\projetos\site-cecilie\venv\Lib\site-packages\django\utils\decorators.py", line 48, in _wrapper
    return bound_method(*args, **kwargs)
  File "C:\Users\igorm\Documents\projetos\site-cecilie\venv\Lib\site-packages\django\utils\decorators.py", line 48, in _wrapper
    return bound_method(*args, **kwargs)
  File "C:\Users\igorm\Documents\projetos\site-cecilie\venv\Lib\site-packages\django\views\decorators\debug.py", line 143, in sensitive_post_parameters_wrapper
    return view(request, *args, **kwargs)
  File "C:\Users\igorm\Documents\projetos\site-cecilie\venv\Lib\site-packages\django\utils\decorators.py", line 48, in _wrapper
    return bound_method(*args, **kwargs)
  File "C:\Users\igorm\Documents\projetos\site-cecilie\venv\Lib\site-packages\django\utils\decorators.py", line 188, in _view_wrapper
    result = _process_exception(request, e)
  File "C:\Users\igorm\Documents\projetos\site-cecilie\venv\Lib\site-packages\django\utils\decorators.py", line 186, in _view_wrapper
    response = view_func(request, *args, **kwargs)
  File "C:\Users\igorm\Documents\projetos\site-cecilie\venv\Lib\site-packages\django\utils\decorators.py", line 48, in _wrapper
    return bound_method(*args, **kwargs)
  File "C:\Users\igorm\Documents\projetos\site-cecilie\venv\Lib\site-packages\django\views\decorators\cache.py", line 80, in _view_wrapper
    response = view_func(request, *args, **kwargs)
  File "C:\Users\igorm\Documents\projetos\site-cecilie\venv\Lib\site-packages\django\contrib\auth\views.py", line 89, in dispatch
    return super().dispatch(request, *args, **kwargs)
           ~~~~~~~~~~~~~~~~^^^^^^^^^^^^^^^^^^^^^^^^^^
  File "C:\Users\igorm\Documents\projetos\site-cecilie\venv\Lib\site-packages\django\views\generic\base.py", line 143, in dispatch
    return handler(request, *args, **kwargs)
  File "C:\Users\igorm\Documents\projetos\site-cecilie\authentication\views.py", line 55, in get
    return render(request, "login.html", {"form": self.form_class,'title':'Login'})
  File "C:\Users\igorm\Documents\projetos\site-cecilie\venv\Lib\site-packages\django\shortcuts.py", line 25, in render
    content = loader.render_to_string(template_name, context, request, using=using)
  File "C:\Users\igorm\Documents\projetos\site-cecilie\venv\Lib\site-packages\django\template\loader.py", line 62, in render_to_string
    return template.render(context, request)
           ~~~~~~~~~~~~~~~^^^^^^^^^^^^^^^^^^
  File "C:\Users\igorm\Documents\projetos\site-cecilie\venv\Lib\site-packages\django\template\backends\django.py", line 107, in render
    return self.template.render(context)
           ~~~~~~~~~~~~~~~~~~~~^^^^^^^^^
  File "C:\Users\igorm\Documents\projetos\site-cecilie\venv\Lib\site-packages\django\template\base.py", line 171, in render
    return self._render(context)
           ~~~~~~~~~~~~^^^^^^^^^
  File "C:\Users\igorm\Documents\projetos\site-cecilie\venv\Lib\site-packages\django\template\base.py", line 163, in _render
    return self.nodelist.render(context)
           ~~~~~~~~~~~~~~~~~~~~^^^^^^^^^
  File "C:\Users\igorm\Documents\projetos\site-cecilie\venv\Lib\site-packages\django\template\base.py", line 1008, in render
    return SafeString("".join([node.render_annotated(context) for node in self]))
                               ~~~~~~~~~~~~~~~~~~~~~^^^^^^^^^
  File "C:\Users\igorm\Documents\projetos\site-cecilie\venv\Lib\site-packages\django\template\base.py", line 969, in render_annotated
    return self.render(context)
           ~~~~~~~~~~~^^^^^^^^^
  File "C:\Users\igorm\Documents\projetos\site-cecilie\venv\Lib\site-packages\django\template\loader_tags.py", line 159, in render
    return compiled_parent._render(context)
           ~~~~~~~~~~~~~~~~~~~~~~~^^^^^^^^^
  File "C:\Users\igorm\Documents\projetos\site-cecilie\venv\Lib\site-packages\django\template\base.py", line 163, in _render
    return self.nodelist.render(context)
           ~~~~~~~~~~~~~~~~~~~~^^^^^^^^^
  File "C:\Users\igorm\Documents\projetos\site-cecilie\venv\Lib\site-packages\django\template\base.py", line 1008, in render
    return SafeString("".join([node.render_annotated(context) for node in self]))
                               ~~~~~~~~~~~~~~~~~~~~~^^^^^^^^^
  File "C:\Users\igorm\Documents\projetos\site-cecilie\venv\Lib\site-packages\django\template\base.py", line 969, in render_annotated
    return self.render(context)
           ~~~~~~~~~~~^^^^^^^^^
  File "C:\Users\igorm\Documents\projetos\site-cecilie\venv\Lib\site-packages\django\template\loader_tags.py", line 65, in render
    result = block.nodelist.render(context)
  File "C:\Users\igorm\Documents\projetos\site-cecilie\venv\Lib\site-packages\django\template\base.py", line 1008, in render
    return SafeString("".join([node.render_annotated(context) for node in self]))
                               ~~~~~~~~~~~~~~~~~~~~~^^^^^^^^^
  File "C:\Users\igorm\Documents\projetos\site-cecilie\venv\Lib\site-packages\django\template\base.py", line 969, in render_annotated
    return self.render(context)
           ~~~~~~~~~~~^^^^^^^^^
  File "C:\Users\igorm\Documents\projetos\site-cecilie\venv\Lib\site-packages\django\template\loader_tags.py", line 210, in render
    return template.render(context)
           ~~~~~~~~~~~~~~~^^^^^^^^^
  File "C:\Users\igorm\Documents\projetos\site-cecilie\venv\Lib\site-packages\django\template\base.py", line 173, in render
    return self._render(context)
           ~~~~~~~~~~~~^^^^^^^^^
  File "C:\Users\igorm\Documents\projetos\site-cecilie\venv\Lib\site-packages\django\template\base.py", line 163, in _render
    return self.nodelist.render(context)
           ~~~~~~~~~~~~~~~~~~~~^^^^^^^^^
  File "C:\Users\igorm\Documents\projetos\site-cecilie\venv\Lib\site-packages\django\template\base.py", line 1008, in render
    return SafeString("".join([node.render_annotated(context) for node in self]))
                               ~~~~~~~~~~~~~~~~~~~~~^^^^^^^^^
  File "C:\Users\igorm\Documents\projetos\site-cecilie\venv\Lib\site-packages\django\template\base.py", line 969, in render_annotated
    return self.render(context)
           ~~~~~~~~~~~^^^^^^^^^
  File "C:\Users\igorm\Documents\projetos\site-cecilie\venv\Lib\site-packages\django\template\defaulttags.py", line 480, in render
    url = reverse(view_name, args=args, kwargs=kwargs, current_app=current_app)
  File "C:\Users\igorm\Documents\projetos\site-cecilie\venv\Lib\site-packages\django\urls\base.py", line 88, in reverse
    return resolver._reverse_with_prefix(view, prefix, *args, **kwargs)
           ~~~~~~~~~~~~~~~~~~~~~~~~~~~~~^^^^^^^^^^^^^^^^^^^^^^^^^^^^^^^
  File "C:\Users\igorm\Documents\projetos\site-cecilie\venv\Lib\site-packages\django\urls\resolvers.py", line 831, in _reverse_with_prefix
    raise NoReverseMatch(msg)
django.urls.exceptions.NoReverseMatch: Reverse for 'Login' not found. 'Login' is not a valid view function or pattern name.
2025-02-17 23:49:52,396 - ERROR - Internal Server Error: /login/
Traceback (most recent call last):
  File "C:\Users\igorm\Documents\projetos\site-cecilie\venv\Lib\site-packages\django\core\handlers\exception.py", line 55, in inner
    response = get_response(request)
  File "C:\Users\igorm\Documents\projetos\site-cecilie\venv\Lib\site-packages\django\core\handlers\base.py", line 197, in _get_response
    response = wrapped_callback(request, *callback_args, **callback_kwargs)
  File "C:\Users\igorm\Documents\projetos\site-cecilie\venv\Lib\site-packages\django\views\generic\base.py", line 104, in view
    return self.dispatch(request, *args, **kwargs)
           ~~~~~~~~~~~~~^^^^^^^^^^^^^^^^^^^^^^^^^^
  File "C:\Users\igorm\Documents\projetos\site-cecilie\venv\Lib\site-packages\django\utils\decorators.py", line 48, in _wrapper
    return bound_method(*args, **kwargs)
  File "C:\Users\igorm\Documents\projetos\site-cecilie\venv\Lib\site-packages\django\utils\decorators.py", line 48, in _wrapper
    return bound_method(*args, **kwargs)
  File "C:\Users\igorm\Documents\projetos\site-cecilie\venv\Lib\site-packages\django\views\decorators\debug.py", line 143, in sensitive_post_parameters_wrapper
    return view(request, *args, **kwargs)
  File "C:\Users\igorm\Documents\projetos\site-cecilie\venv\Lib\site-packages\django\utils\decorators.py", line 48, in _wrapper
    return bound_method(*args, **kwargs)
  File "C:\Users\igorm\Documents\projetos\site-cecilie\venv\Lib\site-packages\django\utils\decorators.py", line 188, in _view_wrapper
    result = _process_exception(request, e)
  File "C:\Users\igorm\Documents\projetos\site-cecilie\venv\Lib\site-packages\django\utils\decorators.py", line 186, in _view_wrapper
    response = view_func(request, *args, **kwargs)
  File "C:\Users\igorm\Documents\projetos\site-cecilie\venv\Lib\site-packages\django\utils\decorators.py", line 48, in _wrapper
    return bound_method(*args, **kwargs)
  File "C:\Users\igorm\Documents\projetos\site-cecilie\venv\Lib\site-packages\django\views\decorators\cache.py", line 80, in _view_wrapper
    response = view_func(request, *args, **kwargs)
  File "C:\Users\igorm\Documents\projetos\site-cecilie\venv\Lib\site-packages\django\contrib\auth\views.py", line 89, in dispatch
    return super().dispatch(request, *args, **kwargs)
           ~~~~~~~~~~~~~~~~^^^^^^^^^^^^^^^^^^^^^^^^^^
  File "C:\Users\igorm\Documents\projetos\site-cecilie\venv\Lib\site-packages\django\views\generic\base.py", line 143, in dispatch
    return handler(request, *args, **kwargs)
  File "C:\Users\igorm\Documents\projetos\site-cecilie\authentication\views.py", line 55, in get
    return render(request, "login.html", {"form": self.form_class,'title':'Login'})
  File "C:\Users\igorm\Documents\projetos\site-cecilie\venv\Lib\site-packages\django\shortcuts.py", line 25, in render
    content = loader.render_to_string(template_name, context, request, using=using)
  File "C:\Users\igorm\Documents\projetos\site-cecilie\venv\Lib\site-packages\django\template\loader.py", line 62, in render_to_string
    return template.render(context, request)
           ~~~~~~~~~~~~~~~^^^^^^^^^^^^^^^^^^
  File "C:\Users\igorm\Documents\projetos\site-cecilie\venv\Lib\site-packages\django\template\backends\django.py", line 107, in render
    return self.template.render(context)
           ~~~~~~~~~~~~~~~~~~~~^^^^^^^^^
  File "C:\Users\igorm\Documents\projetos\site-cecilie\venv\Lib\site-packages\django\template\base.py", line 171, in render
    return self._render(context)
           ~~~~~~~~~~~~^^^^^^^^^
  File "C:\Users\igorm\Documents\projetos\site-cecilie\venv\Lib\site-packages\django\template\base.py", line 163, in _render
    return self.nodelist.render(context)
           ~~~~~~~~~~~~~~~~~~~~^^^^^^^^^
  File "C:\Users\igorm\Documents\projetos\site-cecilie\venv\Lib\site-packages\django\template\base.py", line 1008, in render
    return SafeString("".join([node.render_annotated(context) for node in self]))
                               ~~~~~~~~~~~~~~~~~~~~~^^^^^^^^^
  File "C:\Users\igorm\Documents\projetos\site-cecilie\venv\Lib\site-packages\django\template\base.py", line 969, in render_annotated
    return self.render(context)
           ~~~~~~~~~~~^^^^^^^^^
  File "C:\Users\igorm\Documents\projetos\site-cecilie\venv\Lib\site-packages\django\template\loader_tags.py", line 159, in render
    return compiled_parent._render(context)
           ~~~~~~~~~~~~~~~~~~~~~~~^^^^^^^^^
  File "C:\Users\igorm\Documents\projetos\site-cecilie\venv\Lib\site-packages\django\template\base.py", line 163, in _render
    return self.nodelist.render(context)
           ~~~~~~~~~~~~~~~~~~~~^^^^^^^^^
  File "C:\Users\igorm\Documents\projetos\site-cecilie\venv\Lib\site-packages\django\template\base.py", line 1008, in render
    return SafeString("".join([node.render_annotated(context) for node in self]))
                               ~~~~~~~~~~~~~~~~~~~~~^^^^^^^^^
  File "C:\Users\igorm\Documents\projetos\site-cecilie\venv\Lib\site-packages\django\template\base.py", line 969, in render_annotated
    return self.render(context)
           ~~~~~~~~~~~^^^^^^^^^
  File "C:\Users\igorm\Documents\projetos\site-cecilie\venv\Lib\site-packages\django\template\loader_tags.py", line 65, in render
    result = block.nodelist.render(context)
  File "C:\Users\igorm\Documents\projetos\site-cecilie\venv\Lib\site-packages\django\template\base.py", line 1008, in render
    return SafeString("".join([node.render_annotated(context) for node in self]))
                               ~~~~~~~~~~~~~~~~~~~~~^^^^^^^^^
  File "C:\Users\igorm\Documents\projetos\site-cecilie\venv\Lib\site-packages\django\template\base.py", line 969, in render_annotated
    return self.render(context)
           ~~~~~~~~~~~^^^^^^^^^
  File "C:\Users\igorm\Documents\projetos\site-cecilie\venv\Lib\site-packages\django\template\loader_tags.py", line 210, in render
    return template.render(context)
           ~~~~~~~~~~~~~~~^^^^^^^^^
  File "C:\Users\igorm\Documents\projetos\site-cecilie\venv\Lib\site-packages\django\template\base.py", line 173, in render
    return self._render(context)
           ~~~~~~~~~~~~^^^^^^^^^
  File "C:\Users\igorm\Documents\projetos\site-cecilie\venv\Lib\site-packages\django\template\base.py", line 163, in _render
    return self.nodelist.render(context)
           ~~~~~~~~~~~~~~~~~~~~^^^^^^^^^
  File "C:\Users\igorm\Documents\projetos\site-cecilie\venv\Lib\site-packages\django\template\base.py", line 1008, in render
    return SafeString("".join([node.render_annotated(context) for node in self]))
                               ~~~~~~~~~~~~~~~~~~~~~^^^^^^^^^
  File "C:\Users\igorm\Documents\projetos\site-cecilie\venv\Lib\site-packages\django\template\base.py", line 969, in render_annotated
    return self.render(context)
           ~~~~~~~~~~~^^^^^^^^^
  File "C:\Users\igorm\Documents\projetos\site-cecilie\venv\Lib\site-packages\django\template\defaulttags.py", line 480, in render
    url = reverse(view_name, args=args, kwargs=kwargs, current_app=current_app)
  File "C:\Users\igorm\Documents\projetos\site-cecilie\venv\Lib\site-packages\django\urls\base.py", line 88, in reverse
    return resolver._reverse_with_prefix(view, prefix, *args, **kwargs)
           ~~~~~~~~~~~~~~~~~~~~~~~~~~~~~^^^^^^^^^^^^^^^^^^^^^^^^^^^^^^^
  File "C:\Users\igorm\Documents\projetos\site-cecilie\venv\Lib\site-packages\django\urls\resolvers.py", line 831, in _reverse_with_prefix
    raise NoReverseMatch(msg)
django.urls.exceptions.NoReverseMatch: Reverse for 'Login' not found. 'Login' is not a valid view function or pattern name.
2025-02-17 23:49:55,831 - ERROR - Internal Server Error: /login/
Traceback (most recent call last):
  File "C:\Users\igorm\Documents\projetos\site-cecilie\venv\Lib\site-packages\django\core\handlers\exception.py", line 55, in inner
    response = get_response(request)
  File "C:\Users\igorm\Documents\projetos\site-cecilie\venv\Lib\site-packages\django\core\handlers\base.py", line 197, in _get_response
    response = wrapped_callback(request, *callback_args, **callback_kwargs)
  File "C:\Users\igorm\Documents\projetos\site-cecilie\venv\Lib\site-packages\django\views\generic\base.py", line 104, in view
    return self.dispatch(request, *args, **kwargs)
           ~~~~~~~~~~~~~^^^^^^^^^^^^^^^^^^^^^^^^^^
  File "C:\Users\igorm\Documents\projetos\site-cecilie\venv\Lib\site-packages\django\utils\decorators.py", line 48, in _wrapper
    return bound_method(*args, **kwargs)
  File "C:\Users\igorm\Documents\projetos\site-cecilie\venv\Lib\site-packages\django\utils\decorators.py", line 48, in _wrapper
    return bound_method(*args, **kwargs)
  File "C:\Users\igorm\Documents\projetos\site-cecilie\venv\Lib\site-packages\django\views\decorators\debug.py", line 143, in sensitive_post_parameters_wrapper
    return view(request, *args, **kwargs)
  File "C:\Users\igorm\Documents\projetos\site-cecilie\venv\Lib\site-packages\django\utils\decorators.py", line 48, in _wrapper
    return bound_method(*args, **kwargs)
  File "C:\Users\igorm\Documents\projetos\site-cecilie\venv\Lib\site-packages\django\utils\decorators.py", line 188, in _view_wrapper
    result = _process_exception(request, e)
  File "C:\Users\igorm\Documents\projetos\site-cecilie\venv\Lib\site-packages\django\utils\decorators.py", line 186, in _view_wrapper
    response = view_func(request, *args, **kwargs)
  File "C:\Users\igorm\Documents\projetos\site-cecilie\venv\Lib\site-packages\django\utils\decorators.py", line 48, in _wrapper
    return bound_method(*args, **kwargs)
  File "C:\Users\igorm\Documents\projetos\site-cecilie\venv\Lib\site-packages\django\views\decorators\cache.py", line 80, in _view_wrapper
    response = view_func(request, *args, **kwargs)
  File "C:\Users\igorm\Documents\projetos\site-cecilie\venv\Lib\site-packages\django\contrib\auth\views.py", line 89, in dispatch
    return super().dispatch(request, *args, **kwargs)
           ~~~~~~~~~~~~~~~~^^^^^^^^^^^^^^^^^^^^^^^^^^
  File "C:\Users\igorm\Documents\projetos\site-cecilie\venv\Lib\site-packages\django\views\generic\base.py", line 143, in dispatch
    return handler(request, *args, **kwargs)
  File "C:\Users\igorm\Documents\projetos\site-cecilie\authentication\views.py", line 55, in get
    return render(request, "login.html", {"form": self.form_class,'title':'Login'})
  File "C:\Users\igorm\Documents\projetos\site-cecilie\venv\Lib\site-packages\django\shortcuts.py", line 25, in render
    content = loader.render_to_string(template_name, context, request, using=using)
  File "C:\Users\igorm\Documents\projetos\site-cecilie\venv\Lib\site-packages\django\template\loader.py", line 62, in render_to_string
    return template.render(context, request)
           ~~~~~~~~~~~~~~~^^^^^^^^^^^^^^^^^^
  File "C:\Users\igorm\Documents\projetos\site-cecilie\venv\Lib\site-packages\django\template\backends\django.py", line 107, in render
    return self.template.render(context)
           ~~~~~~~~~~~~~~~~~~~~^^^^^^^^^
  File "C:\Users\igorm\Documents\projetos\site-cecilie\venv\Lib\site-packages\django\template\base.py", line 171, in render
    return self._render(context)
           ~~~~~~~~~~~~^^^^^^^^^
  File "C:\Users\igorm\Documents\projetos\site-cecilie\venv\Lib\site-packages\django\template\base.py", line 163, in _render
    return self.nodelist.render(context)
           ~~~~~~~~~~~~~~~~~~~~^^^^^^^^^
  File "C:\Users\igorm\Documents\projetos\site-cecilie\venv\Lib\site-packages\django\template\base.py", line 1008, in render
    return SafeString("".join([node.render_annotated(context) for node in self]))
                               ~~~~~~~~~~~~~~~~~~~~~^^^^^^^^^
  File "C:\Users\igorm\Documents\projetos\site-cecilie\venv\Lib\site-packages\django\template\base.py", line 969, in render_annotated
    return self.render(context)
           ~~~~~~~~~~~^^^^^^^^^
  File "C:\Users\igorm\Documents\projetos\site-cecilie\venv\Lib\site-packages\django\template\loader_tags.py", line 159, in render
    return compiled_parent._render(context)
           ~~~~~~~~~~~~~~~~~~~~~~~^^^^^^^^^
  File "C:\Users\igorm\Documents\projetos\site-cecilie\venv\Lib\site-packages\django\template\base.py", line 163, in _render
    return self.nodelist.render(context)
           ~~~~~~~~~~~~~~~~~~~~^^^^^^^^^
  File "C:\Users\igorm\Documents\projetos\site-cecilie\venv\Lib\site-packages\django\template\base.py", line 1008, in render
    return SafeString("".join([node.render_annotated(context) for node in self]))
                               ~~~~~~~~~~~~~~~~~~~~~^^^^^^^^^
  File "C:\Users\igorm\Documents\projetos\site-cecilie\venv\Lib\site-packages\django\template\base.py", line 969, in render_annotated
    return self.render(context)
           ~~~~~~~~~~~^^^^^^^^^
  File "C:\Users\igorm\Documents\projetos\site-cecilie\venv\Lib\site-packages\django\template\loader_tags.py", line 65, in render
    result = block.nodelist.render(context)
  File "C:\Users\igorm\Documents\projetos\site-cecilie\venv\Lib\site-packages\django\template\base.py", line 1008, in render
    return SafeString("".join([node.render_annotated(context) for node in self]))
                               ~~~~~~~~~~~~~~~~~~~~~^^^^^^^^^
  File "C:\Users\igorm\Documents\projetos\site-cecilie\venv\Lib\site-packages\django\template\base.py", line 969, in render_annotated
    return self.render(context)
           ~~~~~~~~~~~^^^^^^^^^
  File "C:\Users\igorm\Documents\projetos\site-cecilie\venv\Lib\site-packages\django\template\loader_tags.py", line 210, in render
    return template.render(context)
           ~~~~~~~~~~~~~~~^^^^^^^^^
  File "C:\Users\igorm\Documents\projetos\site-cecilie\venv\Lib\site-packages\django\template\base.py", line 173, in render
    return self._render(context)
           ~~~~~~~~~~~~^^^^^^^^^
  File "C:\Users\igorm\Documents\projetos\site-cecilie\venv\Lib\site-packages\django\template\base.py", line 163, in _render
    return self.nodelist.render(context)
           ~~~~~~~~~~~~~~~~~~~~^^^^^^^^^
  File "C:\Users\igorm\Documents\projetos\site-cecilie\venv\Lib\site-packages\django\template\base.py", line 1008, in render
    return SafeString("".join([node.render_annotated(context) for node in self]))
                               ~~~~~~~~~~~~~~~~~~~~~^^^^^^^^^
  File "C:\Users\igorm\Documents\projetos\site-cecilie\venv\Lib\site-packages\django\template\base.py", line 969, in render_annotated
    return self.render(context)
           ~~~~~~~~~~~^^^^^^^^^
  File "C:\Users\igorm\Documents\projetos\site-cecilie\venv\Lib\site-packages\django\template\defaulttags.py", line 480, in render
    url = reverse(view_name, args=args, kwargs=kwargs, current_app=current_app)
  File "C:\Users\igorm\Documents\projetos\site-cecilie\venv\Lib\site-packages\django\urls\base.py", line 88, in reverse
    return resolver._reverse_with_prefix(view, prefix, *args, **kwargs)
           ~~~~~~~~~~~~~~~~~~~~~~~~~~~~~^^^^^^^^^^^^^^^^^^^^^^^^^^^^^^^
  File "C:\Users\igorm\Documents\projetos\site-cecilie\venv\Lib\site-packages\django\urls\resolvers.py", line 831, in _reverse_with_prefix
    raise NoReverseMatch(msg)
django.urls.exceptions.NoReverseMatch: Reverse for 'Login' not found. 'Login' is not a valid view function or pattern name.
2025-02-17 23:49:57,268 - WARNING - Not Found: /login/img/payment.png
2025-02-17 23:50:00,859 - WARNING - Not Found: /login/img/payment.png
2025-02-17 23:50:09,799 - WARNING - Not Found: /login/img/payment.png
2025-02-17 23:50:12,698 - WARNING - Not Found: /login/img/payment.png
2025-02-17 23:50:16,492 - WARNING - Not Found: /login/img/payment.png
2025-02-17 23:50:58,042 - WARNING - Not Found: /login/img/payment.png
2025-02-17 23:51:02,570 - WARNING - Not Found: /login/img/payment.png
2025-02-17 23:53:59,156 - WARNING - Not Found: /login/img/payment.png
2025-02-17 23:53:59,600 - WARNING - Not Found: /login/img/payment.png
2025-02-17 23:53:59,809 - WARNING - Not Found: /login/img/payment.png
2025-02-17 23:54:00,119 - WARNING - Not Found: /login/img/payment.png
2025-02-17 23:54:00,163 - WARNING - Not Found: /login/img/payment.png
2025-02-17 23:54:02,896 - WARNING - Not Found: /login/img/payment.png
2025-02-17 23:54:31,530 - WARNING - Not Found: /login/img/payment.png
2025-02-17 23:54:31,902 - WARNING - Not Found: /login/img/payment.png
2025-02-17 23:54:32,066 - WARNING - Not Found: /login/img/payment.png
2025-02-17 23:54:34,150 - WARNING - Not Found: /login/img/payment.png
2025-02-17 23:54:43,151 - ERROR - Internal Server Error: /login/
Traceback (most recent call last):
  File "C:\Users\igorm\Documents\projetos\site-cecilie\venv\Lib\site-packages\django\core\handlers\exception.py", line 55, in inner
    response = get_response(request)
  File "C:\Users\igorm\Documents\projetos\site-cecilie\venv\Lib\site-packages\django\core\handlers\base.py", line 197, in _get_response
    response = wrapped_callback(request, *callback_args, **callback_kwargs)
  File "C:\Users\igorm\Documents\projetos\site-cecilie\venv\Lib\site-packages\django\views\generic\base.py", line 104, in view
    return self.dispatch(request, *args, **kwargs)
           ~~~~~~~~~~~~~^^^^^^^^^^^^^^^^^^^^^^^^^^
  File "C:\Users\igorm\Documents\projetos\site-cecilie\venv\Lib\site-packages\django\utils\decorators.py", line 48, in _wrapper
    return bound_method(*args, **kwargs)
  File "C:\Users\igorm\Documents\projetos\site-cecilie\venv\Lib\site-packages\django\utils\decorators.py", line 48, in _wrapper
    return bound_method(*args, **kwargs)
  File "C:\Users\igorm\Documents\projetos\site-cecilie\venv\Lib\site-packages\django\views\decorators\debug.py", line 143, in sensitive_post_parameters_wrapper
    return view(request, *args, **kwargs)
  File "C:\Users\igorm\Documents\projetos\site-cecilie\venv\Lib\site-packages\django\utils\decorators.py", line 48, in _wrapper
    return bound_method(*args, **kwargs)
  File "C:\Users\igorm\Documents\projetos\site-cecilie\venv\Lib\site-packages\django\utils\decorators.py", line 188, in _view_wrapper
    result = _process_exception(request, e)
  File "C:\Users\igorm\Documents\projetos\site-cecilie\venv\Lib\site-packages\django\utils\decorators.py", line 186, in _view_wrapper
    response = view_func(request, *args, **kwargs)
  File "C:\Users\igorm\Documents\projetos\site-cecilie\venv\Lib\site-packages\django\utils\decorators.py", line 48, in _wrapper
    return bound_method(*args, **kwargs)
  File "C:\Users\igorm\Documents\projetos\site-cecilie\venv\Lib\site-packages\django\views\decorators\cache.py", line 80, in _view_wrapper
    response = view_func(request, *args, **kwargs)
  File "C:\Users\igorm\Documents\projetos\site-cecilie\venv\Lib\site-packages\django\contrib\auth\views.py", line 89, in dispatch
    return super().dispatch(request, *args, **kwargs)
           ~~~~~~~~~~~~~~~~^^^^^^^^^^^^^^^^^^^^^^^^^^
  File "C:\Users\igorm\Documents\projetos\site-cecilie\venv\Lib\site-packages\django\views\generic\base.py", line 143, in dispatch
    return handler(request, *args, **kwargs)
  File "C:\Users\igorm\Documents\projetos\site-cecilie\venv\Lib\site-packages\django\views\generic\edit.py", line 151, in post
    return self.form_valid(form)
           ~~~~~~~~~~~~~~~^^^^^^
  File "C:\Users\igorm\Documents\projetos\site-cecilie\venv\Lib\site-packages\django\contrib\auth\views.py", line 109, in form_valid
    return HttpResponseRedirect(self.get_success_url())
                                ~~~~~~~~~~~~~~~~~~~~^^
  File "C:\Users\igorm\Documents\projetos\site-cecilie\venv\Lib\site-packages\django\contrib\auth\views.py", line 41, in get_success_url
    return self.get_redirect_url() or self.get_default_redirect_url()
                                      ~~~~~~~~~~~~~~~~~~~~~~~~~~~~~^^
  File "C:\Users\igorm\Documents\projetos\site-cecilie\venv\Lib\site-packages\django\contrib\auth\views.py", line 96, in get_default_redirect_url
    return resolve_url(settings.LOGIN_REDIRECT_URL)
  File "C:\Users\igorm\Documents\projetos\site-cecilie\venv\Lib\site-packages\django\shortcuts.py", line 180, in resolve_url
    return reverse(to, args=args, kwargs=kwargs)
  File "C:\Users\igorm\Documents\projetos\site-cecilie\venv\Lib\site-packages\django\urls\base.py", line 88, in reverse
    return resolver._reverse_with_prefix(view, prefix, *args, **kwargs)
           ~~~~~~~~~~~~~~~~~~~~~~~~~~~~~^^^^^^^^^^^^^^^^^^^^^^^^^^^^^^^
  File "C:\Users\igorm\Documents\projetos\site-cecilie\venv\Lib\site-packages\django\urls\resolvers.py", line 831, in _reverse_with_prefix
    raise NoReverseMatch(msg)
django.urls.exceptions.NoReverseMatch: Reverse for 'cardapio' not found. 'cardapio' is not a valid view function or pattern name.
2025-02-17 23:55:08,980 - INFO - C:\Users\igorm\Documents\projetos\site-cecilie\core\settings.py changed, reloading.
2025-02-17 23:55:11,015 - WARNING - Forbidden (CSRF token from POST incorrect.): /login/
2025-02-17 23:55:14,188 - WARNING - Not Found: /login/img/payment.png
2025-02-17 23:55:19,063 - WARNING - Not Found: /produtos/img/payment.png
2025-02-17 23:56:32,504 - WARNING - Not Found: /produtos/img/payment.png
2025-02-17 23:56:35,984 - WARNING - Not Found: /login/img/payment.png
2025-02-17 23:56:38,703 - WARNING - Not Found: /produtos/img/payment.png
2025-02-17 23:57:15,865 - WARNING - Not Found: /login/img/payment.png
2025-02-17 23:57:16,239 - WARNING - Not Found: /login/img/payment.png
2025-02-17 23:57:16,661 - WARNING - Not Found: /login/img/payment.png
2025-02-17 23:57:49,240 - WARNING - Not Found: /login/img/payment.png
2025-02-17 23:57:49,627 - WARNING - Not Found: /login/img/payment.png
2025-02-17 23:57:55,789 - WARNING - Not Found: /login/img/payment.png
2025-02-17 23:58:10,009 - WARNING - Not Found: /img/testimonial-1.jpg
2025-02-17 23:58:10,027 - WARNING - Not Found: /img/payment.png
2025-02-17 23:58:10,056 - WARNING - Not Found: /img/testimonial-1.jpg
2025-02-17 23:58:10,205 - WARNING - Not Found: /img/testimonial-1.jpg
2025-02-17 23:58:16,332 - WARNING - Not Found: /produtos/img/payment.png
2025-02-17 23:58:18,382 - INFO - Carrinho: 1, Criado agora? False
2025-02-17 23:58:26,954 - WARNING - Not Found: /login/img/payment.png
2025-02-17 23:59:19,730 - WARNING - Not Found: /login/img/payment.png
2025-02-17 23:59:20,401 - WARNING - Not Found: /login/img/payment.png
2025-02-17 23:59:58,052 - WARNING - Not Found: /login/img/payment.png
2025-02-17 23:59:58,562 - WARNING - Not Found: /login/img/payment.png
2025-02-17 23:59:58,941 - WARNING - Not Found: /login/img/payment.png
2025-02-17 23:59:59,133 - WARNING - Not Found: /login/img/payment.png
2025-02-17 23:59:59,262 - WARNING - Not Found: /login/img/payment.png
2025-02-18 00:00:46,708 - WARNING - Not Found: /login/img/payment.png
2025-02-18 00:00:47,230 - WARNING - Not Found: /login/img/payment.png
2025-02-18 00:00:47,436 - WARNING - Not Found: /login/img/payment.png
2025-02-18 00:01:16,667 - INFO - C:\Users\igorm\Documents\projetos\site-cecilie\authentication\forms.py changed, reloading.
2025-02-18 00:01:19,455 - WARNING - Not Found: /login/img/payment.png
2025-02-18 00:01:59,165 - INFO - C:\Users\igorm\Documents\projetos\site-cecilie\authentication\forms.py changed, reloading.
2025-02-18 00:02:07,119 - WARNING - Not Found: /login/img/payment.png
2025-02-18 00:02:07,639 - WARNING - Not Found: /login/img/payment.png
2025-02-18 00:02:48,042 - WARNING - Not Found: /login/img/payment.png
2025-02-18 00:02:48,494 - WARNING - Not Found: /login/img/payment.png
2025-02-18 00:02:49,016 - WARNING - Not Found: /login/img/payment.png
2025-02-18 00:02:49,240 - WARNING - Not Found: /login/img/payment.png
2025-02-18 00:02:56,601 - WARNING - Not Found: /login/img/payment.png
2025-02-18 00:03:21,044 - WARNING - Not Found: /login/img/payment.png
2025-02-18 00:03:32,932 - WARNING - Not Found: /login/img/payment.png
2025-02-18 00:03:49,797 - WARNING - Not Found: /login/img/payment.png
2025-02-18 00:03:50,306 - WARNING - Not Found: /login/img/payment.png
2025-02-18 00:03:50,550 - WARNING - Not Found: /login/img/payment.png
2025-02-18 00:04:00,119 - WARNING - Not Found: /login/img/payment.png
2025-02-18 00:04:00,412 - WARNING - Not Found: /login/img/payment.png
2025-02-18 00:04:00,615 - WARNING - Not Found: /login/img/payment.png
2025-02-18 00:04:00,785 - WARNING - Not Found: /login/img/payment.png
2025-02-18 00:04:00,962 - WARNING - Not Found: /login/img/payment.png
2025-02-18 00:04:01,528 - WARNING - Not Found: /login/img/payment.png
2025-02-18 00:05:15,787 - WARNING - Not Found: /login/img/payment.png
2025-02-18 00:05:16,262 - WARNING - Not Found: /login/img/payment.png
2025-02-18 00:05:16,460 - WARNING - Not Found: /login/img/payment.png
2025-02-18 00:05:16,623 - WARNING - Not Found: /login/img/payment.png
2025-02-18 00:05:16,791 - WARNING - Not Found: /login/img/payment.png
2025-02-18 00:05:16,951 - WARNING - Not Found: /login/img/payment.png
2025-02-18 00:05:30,034 - WARNING - Not Found: /login/img/payment.png
2025-02-18 00:05:30,411 - WARNING - Not Found: /login/img/payment.png
2025-02-18 00:05:30,601 - WARNING - Not Found: /login/img/payment.png
2025-02-18 00:05:30,782 - WARNING - Not Found: /login/img/payment.png
2025-02-18 00:05:30,929 - WARNING - Not Found: /login/img/payment.png
2025-02-18 00:05:31,060 - WARNING - Not Found: /login/img/payment.png
2025-02-18 00:05:31,223 - WARNING - Not Found: /login/img/payment.png
2025-02-18 00:05:33,792 - WARNING - Not Found: /login/img/payment.png
2025-02-18 00:05:34,017 - WARNING - Not Found: /login/img/payment.png
2025-02-18 00:05:34,135 - WARNING - Not Found: /login/img/payment.png
2025-02-18 00:05:45,748 - WARNING - Not Found: /login/img/payment.png
2025-02-18 00:05:46,121 - WARNING - Not Found: /login/img/payment.png
2025-02-18 00:05:46,263 - WARNING - Not Found: /login/img/payment.png
2025-02-18 00:05:46,415 - WARNING - Not Found: /login/img/payment.png
2025-02-18 00:05:54,399 - WARNING - Not Found: /login/img/payment.png
2025-02-18 00:05:54,580 - WARNING - Not Found: /login/img/payment.png
2025-02-18 00:05:54,753 - WARNING - Not Found: /login/img/payment.png
2025-02-18 00:05:54,919 - WARNING - Not Found: /login/img/payment.png
2025-02-18 00:05:55,048 - WARNING - Not Found: /login/img/payment.png
2025-02-18 00:06:00,217 - WARNING - Not Found: /login/img/payment.png
2025-02-18 00:06:00,464 - WARNING - Not Found: /login/img/payment.png
2025-02-18 00:06:00,637 - WARNING - Not Found: /login/img/payment.png
2025-02-18 00:06:00,832 - WARNING - Not Found: /login/img/payment.png
2025-02-18 00:06:00,986 - WARNING - Not Found: /login/img/payment.png
2025-02-18 00:06:01,164 - WARNING - Not Found: /login/img/payment.png
2025-02-18 00:06:01,279 - WARNING - Not Found: /login/img/payment.png
2025-02-18 00:06:01,442 - WARNING - Not Found: /login/img/payment.png
2025-02-18 00:06:01,644 - WARNING - Not Found: /login/img/payment.png
2025-02-18 00:06:01,769 - WARNING - Not Found: /login/img/payment.png
2025-02-18 00:06:01,930 - WARNING - Not Found: /login/img/payment.png
2025-02-18 00:06:02,081 - WARNING - Not Found: /login/img/payment.png
2025-02-18 00:06:02,280 - WARNING - Not Found: /login/img/payment.png
2025-02-18 00:06:02,395 - WARNING - Not Found: /login/img/payment.png
2025-02-18 00:06:02,559 - WARNING - Not Found: /login/img/payment.png
2025-02-18 00:06:02,738 - WARNING - Not Found: /login/img/payment.png
2025-02-18 00:06:02,878 - WARNING - Not Found: /login/img/payment.png
2025-02-18 00:06:03,064 - WARNING - Not Found: /login/img/payment.png
2025-02-18 00:06:03,208 - WARNING - Not Found: /login/img/payment.png
2025-02-18 00:07:05,614 - WARNING - Not Found: /login/img/payment.png
2025-02-18 00:07:06,646 - WARNING - Not Found: /login/img/payment.png
2025-02-18 00:07:07,099 - WARNING - Not Found: /login/img/payment.png
2025-02-18 00:07:07,301 - WARNING - Not Found: /login/img/payment.png
2025-02-18 00:07:07,466 - WARNING - Not Found: /login/img/payment.png
2025-02-18 00:07:07,626 - WARNING - Not Found: /login/img/payment.png
2025-02-18 00:07:07,845 - WARNING - Not Found: /login/img/payment.png
2025-02-18 00:07:08,365 - WARNING - Not Found: /login/img/payment.png
2025-02-18 00:07:08,835 - WARNING - Not Found: /login/img/payment.png
2025-02-18 00:07:09,081 - WARNING - Not Found: /login/img/payment.png
2025-02-18 00:07:09,323 - WARNING - Not Found: /login/img/payment.png
2025-02-18 00:07:09,701 - WARNING - Not Found: /favicon.ico
2025-02-18 00:09:02,942 - WARNING - Not Found: /login/img/payment.png
2025-02-18 00:09:03,407 - WARNING - Not Found: /login/img/payment.png
2025-02-18 00:09:03,524 - WARNING - Not Found: /login/img/payment.png
2025-02-18 00:09:03,668 - WARNING - Not Found: /login/img/payment.png
2025-02-18 00:09:37,749 - INFO - C:\Users\igorm\Documents\projetos\site-cecilie\authentication\forms.py changed, reloading.
2025-02-18 00:09:43,215 - WARNING - Not Found: /login/img/payment.png
2025-02-18 00:09:43,803 - INFO - C:\Users\igorm\Documents\projetos\site-cecilie\authentication\forms.py changed, reloading.
2025-02-18 00:09:46,125 - WARNING - Not Found: /login/img/payment.png
2025-02-18 00:09:48,209 - WARNING - Not Found: /login/img/payment.png
2025-02-18 00:09:48,744 - WARNING - Not Found: /favicon.ico
2025-02-18 00:09:57,777 - INFO - C:\Users\igorm\Documents\projetos\site-cecilie\authentication\forms.py changed, reloading.
2025-02-18 00:10:01,872 - INFO - C:\Users\igorm\Documents\projetos\site-cecilie\authentication\forms.py changed, reloading.
2025-02-18 00:10:10,324 - WARNING - Not Found: /login/img/payment.png
2025-02-18 00:10:10,631 - WARNING - Not Found: /login/img/payment.png
2025-02-18 00:10:11,910 - WARNING - Not Found: /login/img/payment.png
2025-02-18 00:10:12,066 - WARNING - Not Found: /login/img/payment.png
2025-02-18 00:10:12,244 - WARNING - Not Found: /login/img/payment.png
2025-02-18 00:10:12,482 - WARNING - Not Found: /login/img/payment.png
2025-02-18 00:10:13,251 - WARNING - Not Found: /login/img/payment.png
2025-02-18 00:10:13,527 - WARNING - Not Found: /login/img/payment.png
2025-02-18 00:10:13,716 - WARNING - Not Found: /login/img/payment.png
2025-02-18 00:10:13,901 - WARNING - Not Found: /login/img/payment.png
2025-02-18 00:10:14,158 - WARNING - Not Found: /login/img/payment.png
2025-02-18 00:10:14,296 - WARNING - Not Found: /login/img/payment.png
2025-02-18 00:10:14,618 - WARNING - Not Found: /favicon.ico
2025-02-18 00:10:16,921 - WARNING - Not Found: /login/img/payment.png
2025-02-18 00:10:17,521 - WARNING - Not Found: /login/img/payment.png
2025-02-18 00:10:17,794 - WARNING - Not Found: /login/img/payment.png
2025-02-18 00:10:17,953 - WARNING - Not Found: /login/img/payment.png
2025-02-18 00:10:18,382 - WARNING - Not Found: /favicon.ico
2025-02-18 00:10:23,655 - WARNING - Not Found: /login/img/payment.png
2025-02-18 00:10:23,961 - INFO - C:\Users\igorm\Documents\projetos\site-cecilie\authentication\forms.py changed, reloading.
2025-02-18 00:10:27,367 - WARNING - Not Found: /login/img/payment.png
2025-02-18 00:10:27,610 - WARNING - Not Found: /favicon.ico
2025-02-18 00:10:30,120 - WARNING - Not Found: /login/img/payment.png
2025-02-18 00:10:30,880 - WARNING - Not Found: /login/img/payment.png
2025-02-18 00:10:31,305 - WARNING - Not Found: /favicon.ico
2025-02-18 00:10:38,393 - INFO - C:\Users\igorm\Documents\projetos\site-cecilie\authentication\forms.py changed, reloading.
2025-02-18 00:10:40,536 - WARNING - Not Found: /login/img/payment.png
2025-02-18 00:10:49,470 - INFO - C:\Users\igorm\Documents\projetos\site-cecilie\authentication\forms.py changed, reloading.
2025-02-18 00:11:59,392 - INFO - C:\Users\igorm\Documents\projetos\site-cecilie\authentication\forms.py changed, reloading.
2025-02-18 00:12:12,853 - WARNING - Not Found: /login/img/payment.png
2025-02-18 00:12:13,425 - WARNING - Not Found: /login/img/payment.png
2025-02-18 00:12:13,951 - WARNING - Not Found: /login/img/payment.png
2025-02-18 00:12:14,214 - WARNING - Not Found: /login/img/payment.png
2025-02-18 00:12:14,413 - WARNING - Not Found: /login/img/payment.png
2025-02-18 00:12:15,138 - WARNING - Not Found: /login/img/payment.png
2025-02-18 00:12:15,616 - WARNING - Not Found: /login/img/payment.png
2025-02-18 00:12:16,000 - WARNING - Not Found: /login/img/payment.png
2025-02-18 00:12:16,231 - WARNING - Not Found: /login/img/payment.png
2025-02-18 00:12:17,005 - WARNING - Not Found: /login/img/payment.png
2025-02-18 00:12:17,303 - WARNING - Not Found: /login/img/payment.png
2025-02-18 00:12:17,497 - WARNING - Not Found: /login/img/payment.png
2025-02-18 00:12:17,697 - WARNING - Not Found: /login/img/payment.png
2025-02-18 00:12:17,871 - WARNING - Not Found: /login/img/payment.png
2025-02-18 00:12:18,330 - WARNING - Not Found: /favicon.ico
2025-02-18 00:12:46,317 - WARNING - Not Found: /login/img/payment.png
2025-02-18 00:12:46,756 - WARNING - Not Found: /login/img/payment.png
2025-02-18 00:12:46,978 - WARNING - Not Found: /login/img/payment.png
2025-02-18 00:12:47,173 - WARNING - Not Found: /login/img/payment.png
2025-02-18 00:12:47,539 - WARNING - Not Found: /login/img/payment.png
2025-02-18 00:12:48,231 - WARNING - Not Found: /login/img/payment.png
2025-02-18 00:12:48,512 - WARNING - Not Found: /login/img/payment.png
2025-02-18 00:12:48,908 - WARNING - Not Found: /favicon.ico
2025-02-18 00:12:53,415 - WARNING - Not Found: /login/img/payment.png
2025-02-18 00:12:53,698 - WARNING - Not Found: /login/img/payment.png
2025-02-18 00:12:53,849 - WARNING - Not Found: /login/img/payment.png
2025-02-18 00:12:54,053 - WARNING - Not Found: /login/img/payment.png
2025-02-18 00:12:54,363 - WARNING - Not Found: /login/img/payment.png
2025-02-18 00:12:54,793 - WARNING - Not Found: /login/img/payment.png
2025-02-18 00:12:55,067 - WARNING - Not Found: /login/img/payment.png
2025-02-18 00:13:29,842 - WARNING - Not Found: /login/img/payment.png
2025-02-18 00:13:30,107 - WARNING - Not Found: /login/img/payment.png
2025-02-18 00:13:30,414 - WARNING - Not Found: /login/img/payment.png
2025-02-18 00:14:19,478 - WARNING - Not Found: /login/img/payment.png
2025-02-18 00:14:19,956 - WARNING - Not Found: /login/img/payment.png
2025-02-18 00:14:20,236 - WARNING - Not Found: /login/img/payment.png
2025-02-18 00:14:20,410 - WARNING - Not Found: /login/img/payment.png
2025-02-18 00:14:20,714 - WARNING - Not Found: /login/img/payment.png
2025-02-18 00:14:20,979 - WARNING - Not Found: /login/img/payment.png
2025-02-18 00:14:21,623 - WARNING - Not Found: /login/img/payment.png
2025-02-18 00:14:21,988 - WARNING - Not Found: /favicon.ico
2025-02-18 00:14:22,087 - WARNING - Not Found: /login/img/payment.png
2025-02-18 00:14:22,310 - WARNING - Not Found: /login/img/payment.png
2025-02-18 00:14:22,656 - WARNING - Not Found: /favicon.ico
2025-02-18 00:14:29,387 - WARNING - Not Found: /login/img/payment.png
2025-02-18 00:14:29,867 - WARNING - Not Found: /login/img/payment.png
2025-02-18 00:14:47,036 - WARNING - Not Found: /produtos/img/payment.png
2025-02-18 00:15:43,661 - WARNING - Not Found: /login/img/payment.png
2025-02-18 00:15:43,920 - WARNING - Not Found: /login/img/payment.png
2025-02-18 00:15:44,109 - WARNING - Not Found: /login/img/payment.png
2025-02-18 00:15:44,263 - WARNING - Not Found: /login/img/payment.png
2025-02-18 00:15:44,401 - WARNING - Not Found: /login/img/payment.png
2025-02-18 00:15:44,564 - WARNING - Not Found: /login/img/payment.png
2025-02-18 00:15:44,820 - WARNING - Not Found: /login/img/payment.png
2025-02-18 00:17:07,399 - WARNING - Not Found: /login/img/payment.png
2025-02-18 00:17:08,175 - WARNING - Not Found: /login/img/payment.png
2025-02-18 00:17:08,366 - WARNING - Not Found: /login/img/payment.png
2025-02-18 00:17:10,661 - WARNING - Not Found: /register/img/payment.png
2025-02-18 00:17:56,360 - INFO - C:\Users\igorm\Documents\projetos\site-cecilie\authentication\forms.py changed, reloading.
2025-02-18 00:17:59,774 - INFO - C:\Users\igorm\Documents\projetos\site-cecilie\authentication\forms.py changed, reloading.
2025-02-18 00:18:03,347 - INFO - C:\Users\igorm\Documents\projetos\site-cecilie\authentication\forms.py changed, reloading.
2025-02-18 00:18:06,831 - INFO - C:\Users\igorm\Documents\projetos\site-cecilie\authentication\forms.py changed, reloading.
2025-02-18 00:18:11,471 - WARNING - Not Found: /register/img/payment.png
2025-02-18 00:18:12,037 - WARNING - Not Found: /register/img/payment.png
2025-02-18 00:18:20,733 - WARNING - Not Found: /register/img/payment.png
2025-02-18 00:18:21,102 - WARNING - Not Found: /favicon.ico
2025-02-18 00:18:21,508 - WARNING - Not Found: /register/img/payment.png
2025-02-18 00:18:21,794 - WARNING - Not Found: /favicon.ico
2025-02-18 00:18:22,194 - WARNING - Not Found: /register/img/payment.png
2025-02-18 00:18:22,505 - WARNING - Not Found: /favicon.ico
2025-02-18 00:18:22,851 - WARNING - Not Found: /register/img/payment.png
2025-02-18 00:18:23,134 - WARNING - Not Found: /favicon.ico
2025-02-18 00:18:34,053 - WARNING - Not Found: /register/img/payment.png
2025-02-18 00:18:47,009 - INFO - C:\Users\igorm\Documents\projetos\site-cecilie\authentication\forms.py changed, reloading.
2025-02-18 00:18:51,523 - INFO - C:\Users\igorm\Documents\projetos\site-cecilie\authentication\forms.py changed, reloading.
2025-02-18 00:18:53,751 - WARNING - Not Found: /register/img/payment.png
2025-02-18 00:18:53,852 - WARNING - Not Found: /register/img/payment.png
2025-02-18 00:18:54,655 - WARNING - Not Found: /register/img/payment.png
2025-02-18 00:18:55,148 - WARNING - Not Found: /register/img/payment.png
2025-02-18 00:18:55,355 - WARNING - Not Found: /register/img/payment.png
2025-02-18 00:18:55,868 - WARNING - Not Found: /register/img/payment.png
2025-02-18 00:19:09,718 - WARNING - Not Found: /register/img/payment.png
2025-02-18 00:19:10,013 - WARNING - Not Found: /register/img/payment.png
2025-02-18 00:19:10,221 - WARNING - Not Found: /register/img/payment.png
2025-02-18 00:19:10,389 - WARNING - Not Found: /register/img/payment.png
2025-02-18 00:19:10,587 - WARNING - Not Found: /register/img/payment.png
2025-02-18 00:19:23,969 - INFO - C:\Users\igorm\Documents\projetos\site-cecilie\authentication\forms.py changed, reloading.
2025-02-18 00:19:26,153 - WARNING - Not Found: /register/img/payment.png
2025-02-18 00:19:26,214 - WARNING - Not Found: /register/img/payment.png
2025-02-18 00:19:26,691 - WARNING - Not Found: /register/img/payment.png
2025-02-18 00:19:41,363 - INFO - C:\Users\igorm\Documents\projetos\site-cecilie\authentication\forms.py changed, reloading.
2025-02-18 00:19:45,074 - INFO - C:\Users\igorm\Documents\projetos\site-cecilie\authentication\forms.py changed, reloading.
2025-02-18 00:19:50,886 - INFO - C:\Users\igorm\Documents\projetos\site-cecilie\authentication\forms.py changed, reloading.
2025-02-18 00:19:54,818 - INFO - C:\Users\igorm\Documents\projetos\site-cecilie\authentication\forms.py changed, reloading.
2025-02-18 00:19:58,583 - WARNING - Not Found: /register/img/payment.png
2025-02-18 00:19:58,901 - WARNING - Not Found: /register/img/payment.png
2025-02-18 00:19:59,221 - WARNING - Not Found: /register/img/payment.png
2025-02-18 00:19:59,468 - WARNING - Not Found: /register/img/payment.png
2025-02-18 00:19:59,695 - WARNING - Not Found: /register/img/payment.png
2025-02-18 00:19:59,765 - INFO - C:\Users\igorm\Documents\projetos\site-cecilie\authentication\forms.py changed, reloading.
2025-02-18 00:20:02,669 - WARNING - Not Found: /register/img/payment.png
2025-02-18 00:20:02,840 - WARNING - Not Found: /register/img/payment.png
2025-02-18 00:20:03,433 - WARNING - Not Found: /register/img/payment.png
2025-02-18 00:20:03,627 - WARNING - Not Found: /register/img/payment.png
2025-02-18 00:20:03,814 - WARNING - Not Found: /register/img/payment.png
2025-02-18 00:20:05,405 - WARNING - Not Found: /register/img/payment.png
2025-02-18 00:20:05,799 - WARNING - Not Found: /favicon.ico
2025-02-18 00:20:21,495 - WARNING - Not Found: /register/img/payment.png
2025-02-18 00:20:21,807 - WARNING - Not Found: /register/img/payment.png
2025-02-18 00:20:22,100 - WARNING - Not Found: /favicon.ico
2025-02-18 00:20:24,093 - WARNING - Not Found: /register/img/payment.png
2025-02-18 00:20:32,925 - WARNING - Not Found: /register/img/payment.png
2025-02-18 00:20:32,991 - INFO - C:\Users\igorm\Documents\projetos\site-cecilie\authentication\forms.py changed, reloading.
2025-02-18 00:20:35,149 - WARNING - Not Found: /register/img/payment.png
2025-02-18 00:20:35,267 - WARNING - Not Found: /register/img/payment.png
2025-02-18 00:20:35,749 - WARNING - Not Found: /register/img/payment.png
2025-02-18 00:20:46,388 - INFO - C:\Users\igorm\Documents\projetos\site-cecilie\authentication\forms.py changed, reloading.
2025-02-18 00:20:48,721 - WARNING - Not Found: /register/img/payment.png
2025-02-18 00:20:48,983 - WARNING - Not Found: /register/img/payment.png
2025-02-18 00:20:49,191 - WARNING - Not Found: /register/img/payment.png
2025-02-18 00:20:49,362 - WARNING - Not Found: /register/img/payment.png
2025-02-18 00:20:49,549 - WARNING - Not Found: /register/img/payment.png
2025-02-18 00:20:49,741 - WARNING - Not Found: /register/img/payment.png
2025-02-18 00:20:49,963 - WARNING - Not Found: /register/img/payment.png
2025-02-18 00:20:50,200 - WARNING - Not Found: /register/img/payment.png
2025-02-18 00:20:50,520 - WARNING - Not Found: /register/img/payment.png
2025-02-18 00:20:50,818 - WARNING - Not Found: /register/img/payment.png
2025-02-18 00:20:51,361 - WARNING - Not Found: /register/img/payment.png
2025-02-18 00:20:51,740 - WARNING - Not Found: /favicon.ico
2025-02-18 00:20:51,830 - WARNING - Not Found: /register/img/payment.png
2025-02-18 00:20:52,054 - WARNING - Not Found: /register/img/payment.png
2025-02-18 00:20:52,286 - WARNING - Not Found: /register/img/payment.png
2025-02-18 00:20:52,492 - WARNING - Not Found: /register/img/payment.png
2025-02-18 00:20:52,733 - WARNING - Not Found: /register/img/payment.png
2025-02-18 00:20:52,928 - WARNING - Not Found: /register/img/payment.png
2025-02-18 00:20:53,120 - WARNING - Not Found: /register/img/payment.png
2025-02-18 00:20:53,299 - WARNING - Not Found: /register/img/payment.png
2025-02-18 00:20:53,483 - WARNING - Not Found: /register/img/payment.png
2025-02-18 00:20:53,783 - WARNING - Not Found: /favicon.ico
2025-02-18 00:26:42,660 - INFO - C:\Users\igorm\Documents\projetos\site-cecilie\authentication\forms.py changed, reloading.
2025-02-18 00:27:03,845 - WARNING - Not Found: /register/img/payment.png
2025-02-18 00:27:06,108 - WARNING - Not Found: /register/img/payment.png
2025-02-18 00:27:06,683 - WARNING - Not Found: /register/img/payment.png
2025-02-18 00:27:21,177 - INFO - C:\Users\igorm\Documents\projetos\site-cecilie\authentication\forms.py changed, reloading.
2025-02-18 00:27:24,014 - WARNING - Not Found: /register/img/payment.png
2025-02-18 00:27:24,211 - WARNING - Not Found: /register/img/payment.png
2025-02-18 00:27:24,399 - WARNING - Not Found: /register/img/payment.png
2025-02-18 00:27:25,087 - WARNING - Not Found: /register/img/payment.png
2025-02-18 00:27:25,326 - WARNING - Not Found: /register/img/payment.png
2025-02-18 00:27:25,492 - WARNING - Not Found: /register/img/payment.png
2025-02-18 00:27:25,719 - WARNING - Not Found: /register/img/payment.png
2025-02-18 00:27:25,889 - WARNING - Not Found: /register/img/payment.png
2025-02-18 00:27:26,079 - WARNING - Not Found: /register/img/payment.png
2025-02-18 00:27:26,270 - WARNING - Not Found: /register/img/payment.png
2025-02-18 00:27:26,436 - WARNING - Not Found: /register/img/payment.png
2025-02-18 00:27:26,725 - WARNING - Not Found: /register/img/payment.png
2025-02-18 00:27:27,353 - WARNING - Not Found: /register/img/payment.png
2025-02-18 00:27:27,767 - WARNING - Not Found: /favicon.ico
2025-02-18 00:27:27,969 - WARNING - Not Found: /register/img/payment.png
2025-02-18 00:27:28,300 - WARNING - Not Found: /favicon.ico
2025-02-18 00:27:28,592 - WARNING - Not Found: /register/img/payment.png
2025-02-18 00:27:28,900 - WARNING - Not Found: /favicon.ico
2025-02-18 00:27:34,121 - WARNING - Not Found: /register/img/payment.png
2025-02-18 00:27:34,551 - WARNING - Not Found: /register/img/payment.png
2025-02-18 00:27:34,780 - WARNING - Not Found: /register/img/payment.png
2025-02-18 00:27:34,949 - WARNING - Not Found: /register/img/payment.png
2025-02-18 00:27:35,161 - WARNING - Not Found: /register/img/payment.png
2025-02-18 00:27:35,399 - WARNING - Not Found: /register/img/payment.png
2025-02-18 00:27:35,609 - WARNING - Not Found: /register/img/payment.png
2025-02-18 00:27:35,927 - WARNING - Not Found: /register/img/payment.png
2025-02-18 00:27:36,298 - WARNING - Not Found: /register/img/payment.png
2025-02-18 00:27:36,617 - WARNING - Not Found: /register/img/payment.png
2025-02-18 00:27:36,816 - WARNING - Not Found: /register/img/payment.png
2025-02-18 00:27:37,023 - WARNING - Not Found: /register/img/payment.png
2025-02-18 00:27:37,269 - WARNING - Not Found: /register/img/payment.png
2025-02-18 00:27:37,493 - WARNING - Not Found: /register/img/payment.png
2025-02-18 00:27:37,780 - WARNING - Not Found: /register/img/payment.png
2025-02-18 00:27:38,156 - WARNING - Not Found: /favicon.ico
2025-02-18 00:27:38,464 - WARNING - Not Found: /register/img/payment.png
2025-02-18 00:27:38,711 - WARNING - Not Found: /register/img/payment.png
2025-02-18 00:27:38,998 - WARNING - Not Found: /favicon.ico
2025-02-18 00:27:51,709 - WARNING - Not Found: /register/img/payment.png
2025-02-18 00:27:51,767 - WARNING - Not Found: /favicon.ico
2025-02-18 00:28:21,109 - WARNING - Not Found: /login/img/payment.png
2025-02-18 00:28:34,815 - WARNING - Not Found: /login/img/payment.png
2025-02-18 00:28:43,540 - WARNING - Not Found: /login/img/payment.png
2025-02-18 00:29:12,627 - WARNING - Not Found: /login/img/payment.png
2025-02-18 00:29:23,179 - WARNING - Not Found: /register/img/payment.png
2025-02-18 00:29:45,546 - WARNING - Not Found: /login/img/payment.png
2025-02-18 00:29:55,369 - WARNING - Not Found: /login/img/payment.png
2025-02-18 00:31:40,173 - WARNING - Not Found: /login/img/payment.png
2025-02-18 00:32:01,268 - WARNING - Not Found: /login/img/payment.png
2025-02-18 00:32:03,514 - WARNING - Not Found: /register/img/payment.png
2025-02-18 00:32:26,987 - WARNING - Not Found: /login/img/payment.png
2025-02-18 00:32:35,396 - WARNING - Not Found: /login/img/payment.png
2025-02-18 00:32:40,680 - WARNING - Not Found: /favicon.ico
2025-02-18 00:32:41,044 - WARNING - Not Found: /favicon.ico
2025-02-18 00:32:51,018 - WARNING - Not Found: /login/img/payment.png
2025-02-18 00:33:09,742 - WARNING - Not Found: /login/img/payment.png
2025-02-18 00:33:11,148 - WARNING - Not Found: /login/img/payment.png
2025-02-18 00:33:13,413 - WARNING - Not Found: /register/img/payment.png
2025-02-18 00:33:28,400 - ERROR - Internal Server Error: /register/
Traceback (most recent call last):
  File "C:\Users\igorm\Documents\projetos\site-cecilie\venv\Lib\site-packages\django\core\handlers\exception.py", line 55, in inner
    response = get_response(request)
  File "C:\Users\igorm\Documents\projetos\site-cecilie\venv\Lib\site-packages\django\core\handlers\base.py", line 197, in _get_response
    response = wrapped_callback(request, *callback_args, **callback_kwargs)
  File "C:\Users\igorm\Documents\projetos\site-cecilie\venv\Lib\site-packages\django\views\generic\base.py", line 104, in view
    return self.dispatch(request, *args, **kwargs)
           ~~~~~~~~~~~~~^^^^^^^^^^^^^^^^^^^^^^^^^^
  File "C:\Users\igorm\Documents\projetos\site-cecilie\venv\Lib\site-packages\django\views\generic\base.py", line 143, in dispatch
    return handler(request, *args, **kwargs)
  File "C:\Users\igorm\Documents\projetos\site-cecilie\authentication\views.py", line 42, in post
    return redirect("cardapio")
  File "C:\Users\igorm\Documents\projetos\site-cecilie\venv\Lib\site-packages\django\shortcuts.py", line 49, in redirect
    return redirect_class(resolve_url(to, *args, **kwargs))
                          ~~~~~~~~~~~^^^^^^^^^^^^^^^^^^^^^
  File "C:\Users\igorm\Documents\projetos\site-cecilie\venv\Lib\site-packages\django\shortcuts.py", line 180, in resolve_url
    return reverse(to, args=args, kwargs=kwargs)
  File "C:\Users\igorm\Documents\projetos\site-cecilie\venv\Lib\site-packages\django\urls\base.py", line 88, in reverse
    return resolver._reverse_with_prefix(view, prefix, *args, **kwargs)
           ~~~~~~~~~~~~~~~~~~~~~~~~~~~~~^^^^^^^^^^^^^^^^^^^^^^^^^^^^^^^
  File "C:\Users\igorm\Documents\projetos\site-cecilie\venv\Lib\site-packages\django\urls\resolvers.py", line 831, in _reverse_with_prefix
    raise NoReverseMatch(msg)
django.urls.exceptions.NoReverseMatch: Reverse for 'cardapio' not found. 'cardapio' is not a valid view function or pattern name.
2025-02-18 00:33:58,194 - INFO - C:\Users\igorm\Documents\projetos\site-cecilie\authentication\views.py changed, reloading.
2025-02-18 00:34:08,222 - INFO - C:\Users\igorm\Documents\projetos\site-cecilie\authentication\views.py changed, reloading.
2025-02-18 00:34:10,323 - WARNING - Forbidden (CSRF token from POST incorrect.): /register/
2025-02-18 00:34:12,965 - WARNING - Not Found: /register/img/payment.png
2025-02-18 00:34:40,055 - WARNING - Forbidden (CSRF token from POST incorrect.): /register/
2025-02-18 00:34:44,308 - WARNING - Not Found: /register/img/payment.png
2025-02-18 00:35:04,420 - WARNING - Not Found: /produtos/img/payment.png
2025-02-18 00:35:19,964 - ERROR - Internal Server Error: /quantidade-carrinho/
Traceback (most recent call last):
  File "C:\Users\igorm\Documents\projetos\site-cecilie\venv\Lib\site-packages\django\core\handlers\exception.py", line 55, in inner
    response = get_response(request)
  File "C:\Users\igorm\Documents\projetos\site-cecilie\venv\Lib\site-packages\django\utils\deprecation.py", line 131, in __call__
    response = self.process_response(request, response)
  File "C:\Users\igorm\Documents\projetos\site-cecilie\venv\Lib\site-packages\django\middleware\clickjacking.py", line 27, in process_response
    if response.get("X-Frame-Options") is not None:
       ^^^^^^^^^^^^
AttributeError: 'int' object has no attribute 'get'
2025-02-18 00:35:21,749 - ERROR - Internal Server Error: /quantidade-carrinho/
Traceback (most recent call last):
  File "C:\Users\igorm\Documents\projetos\site-cecilie\venv\Lib\site-packages\django\core\handlers\exception.py", line 55, in inner
    response = get_response(request)
  File "C:\Users\igorm\Documents\projetos\site-cecilie\venv\Lib\site-packages\django\utils\deprecation.py", line 131, in __call__
    response = self.process_response(request, response)
  File "C:\Users\igorm\Documents\projetos\site-cecilie\venv\Lib\site-packages\django\middleware\clickjacking.py", line 27, in process_response
    if response.get("X-Frame-Options") is not None:
       ^^^^^^^^^^^^
AttributeError: 'int' object has no attribute 'get'
2025-02-18 00:35:21,784 - WARNING - Not Found: /carrinho/img/payment.png
2025-02-18 00:35:24,204 - ERROR - Internal Server Error: /quantidade-carrinho/
Traceback (most recent call last):
  File "C:\Users\igorm\Documents\projetos\site-cecilie\venv\Lib\site-packages\django\core\handlers\exception.py", line 55, in inner
    response = get_response(request)
  File "C:\Users\igorm\Documents\projetos\site-cecilie\venv\Lib\site-packages\django\utils\deprecation.py", line 131, in __call__
    response = self.process_response(request, response)
  File "C:\Users\igorm\Documents\projetos\site-cecilie\venv\Lib\site-packages\django\middleware\clickjacking.py", line 27, in process_response
    if response.get("X-Frame-Options") is not None:
       ^^^^^^^^^^^^
AttributeError: 'int' object has no attribute 'get'
2025-02-18 00:35:24,241 - WARNING - Not Found: /produtos/img/payment.png
2025-02-18 00:35:26,752 - ERROR - Internal Server Error: /quantidade-carrinho/
Traceback (most recent call last):
  File "C:\Users\igorm\Documents\projetos\site-cecilie\venv\Lib\site-packages\django\core\handlers\exception.py", line 55, in inner
    response = get_response(request)
  File "C:\Users\igorm\Documents\projetos\site-cecilie\venv\Lib\site-packages\django\utils\deprecation.py", line 131, in __call__
    response = self.process_response(request, response)
  File "C:\Users\igorm\Documents\projetos\site-cecilie\venv\Lib\site-packages\django\middleware\clickjacking.py", line 27, in process_response
    if response.get("X-Frame-Options") is not None:
       ^^^^^^^^^^^^
AttributeError: 'int' object has no attribute 'get'
2025-02-18 00:39:42,367 - WARNING - Forbidden (CSRF token from POST incorrect.): /adicionar/1/
2025-02-18 00:39:44,629 - WARNING - Forbidden (CSRF token from POST incorrect.): /adicionar/1/
2025-02-18 00:39:46,357 - DEBUG - Starting new HTTPS connection (1): api.mercadopago.com:443
2025-02-18 00:39:46,756 - DEBUG - https://api.mercadopago.com:443 "POST /checkout/preferences HTTP/1.1" 400 93
2025-02-18 00:39:46,797 - WARNING - Not Found: /carrinho/img/payment.png
2025-02-18 00:39:50,926 - WARNING - Not Found: /produtos/img/payment.png
2025-02-18 00:39:53,851 - INFO - Carrinho: 1, Criado agora? False
2025-02-18 00:39:55,484 - DEBUG - Starting new HTTPS connection (1): api.mercadopago.com:443
2025-02-18 00:39:55,825 - DEBUG - https://api.mercadopago.com:443 "POST /checkout/preferences HTTP/1.1" 400 93
2025-02-18 00:39:55,853 - WARNING - Not Found: /carrinho/img/payment.png
2025-02-18 00:40:13,794 - WARNING - Not Found: /login/img/payment.png
2025-02-18 00:40:16,585 - WARNING - Not Found: /produtos/img/payment.png
2025-02-18 00:40:21,022 - INFO - Carrinho: 2, Criado agora? True
2025-02-18 00:40:22,460 - DEBUG - Starting new HTTPS connection (1): api.mercadopago.com:443
2025-02-18 00:40:22,874 - DEBUG - https://api.mercadopago.com:443 "POST /checkout/preferences HTTP/1.1" 400 93
2025-02-18 00:40:22,909 - WARNING - Not Found: /carrinho/img/payment.png
2025-02-18 00:40:48,420 - DEBUG - Starting new HTTPS connection (1): api.mercadopago.com:443
2025-02-18 00:40:48,632 - DEBUG - Starting new HTTPS connection (1): api.mercadopago.com:443
2025-02-18 00:40:48,785 - DEBUG - Starting new HTTPS connection (1): api.mercadopago.com:443
2025-02-18 00:40:48,814 - DEBUG - https://api.mercadopago.com:443 "POST /checkout/preferences HTTP/1.1" 400 93
2025-02-18 00:40:48,966 - DEBUG - Starting new HTTPS connection (1): api.mercadopago.com:443
2025-02-18 00:40:48,972 - DEBUG - https://api.mercadopago.com:443 "POST /checkout/preferences HTTP/1.1" 400 93
2025-02-18 00:40:49,123 - DEBUG - https://api.mercadopago.com:443 "POST /checkout/preferences HTTP/1.1" 400 93
2025-02-18 00:40:49,146 - DEBUG - Starting new HTTPS connection (1): api.mercadopago.com:443
2025-02-18 00:40:49,296 - DEBUG - https://api.mercadopago.com:443 "POST /checkout/preferences HTTP/1.1" 400 93
2025-02-18 00:40:49,332 - DEBUG - Starting new HTTPS connection (1): api.mercadopago.com:443
2025-02-18 00:40:49,486 - DEBUG - https://api.mercadopago.com:443 "POST /checkout/preferences HTTP/1.1" 400 93
2025-02-18 00:40:49,508 - WARNING - Not Found: /remover/1/
2025-02-18 00:40:49,666 - DEBUG - https://api.mercadopago.com:443 "POST /checkout/preferences HTTP/1.1" 400 93
2025-02-18 00:40:51,275 - WARNING - Not Found: /remover/1/
2025-02-18 00:40:55,246 - WARNING - Not Found: /img/testimonial-1.jpg
2025-02-18 00:40:55,250 - WARNING - Not Found: /img/payment.png
2025-02-18 00:40:55,294 - WARNING - Not Found: /img/testimonial-1.jpg
2025-02-18 00:40:56,868 - DEBUG - Starting new HTTPS connection (1): api.mercadopago.com:443
2025-02-18 00:40:57,196 - DEBUG - https://api.mercadopago.com:443 "POST /checkout/preferences HTTP/1.1" 400 93
2025-02-18 00:40:57,230 - WARNING - Not Found: /carrinho/img/payment.png
2025-02-18 00:41:04,560 - WARNING - Not Found: /login/img/payment.png
2025-02-18 00:41:10,189 - WARNING - Not Found: /produtos/img/payment.png
2025-02-18 00:41:13,414 - DEBUG - Starting new HTTPS connection (1): api.mercadopago.com:443
2025-02-18 00:41:13,748 - DEBUG - https://api.mercadopago.com:443 "POST /checkout/preferences HTTP/1.1" 400 93
2025-02-18 00:41:13,782 - WARNING - Not Found: /carrinho/img/payment.png
2025-02-18 00:41:15,432 - DEBUG - Starting new HTTPS connection (1): api.mercadopago.com:443
2025-02-18 00:41:15,761 - DEBUG - https://api.mercadopago.com:443 "POST /checkout/preferences HTTP/1.1" 400 93
2025-02-18 00:41:15,794 - WARNING - Not Found: /carrinho/img/payment.png
2025-02-18 00:41:16,973 - DEBUG - Starting new HTTPS connection (1): api.mercadopago.com:443
2025-02-18 00:41:17,304 - DEBUG - https://api.mercadopago.com:443 "POST /checkout/preferences HTTP/1.1" 400 93
2025-02-18 00:41:17,333 - WARNING - Not Found: /carrinho/img/payment.png
2025-02-18 00:41:18,079 - DEBUG - Starting new HTTPS connection (1): api.mercadopago.com:443
2025-02-18 00:41:18,411 - DEBUG - https://api.mercadopago.com:443 "POST /checkout/preferences HTTP/1.1" 400 93
2025-02-18 00:41:18,435 - WARNING - Not Found: /carrinho/img/payment.png
2025-02-18 00:41:19,123 - DEBUG - Starting new HTTPS connection (1): api.mercadopago.com:443
2025-02-18 00:41:19,484 - DEBUG - https://api.mercadopago.com:443 "POST /checkout/preferences HTTP/1.1" 400 93
2025-02-18 00:41:19,508 - WARNING - Not Found: /carrinho/img/payment.png
2025-02-18 00:41:20,365 - DEBUG - Starting new HTTPS connection (1): api.mercadopago.com:443
2025-02-18 00:41:20,725 - DEBUG - https://api.mercadopago.com:443 "POST /checkout/preferences HTTP/1.1" 400 93
2025-02-18 00:41:20,746 - WARNING - Not Found: /carrinho/img/payment.png
2025-02-18 00:41:21,537 - DEBUG - Starting new HTTPS connection (1): api.mercadopago.com:443
2025-02-18 00:41:21,868 - DEBUG - https://api.mercadopago.com:443 "POST /checkout/preferences HTTP/1.1" 400 93
2025-02-18 00:41:21,896 - WARNING - Not Found: /carrinho/img/payment.png
2025-02-18 00:41:22,410 - DEBUG - Starting new HTTPS connection (1): api.mercadopago.com:443
2025-02-18 00:41:22,740 - DEBUG - https://api.mercadopago.com:443 "POST /checkout/preferences HTTP/1.1" 400 93
2025-02-18 00:41:22,763 - WARNING - Not Found: /carrinho/img/payment.png
2025-02-18 00:41:23,124 - DEBUG - Starting new HTTPS connection (1): api.mercadopago.com:443
2025-02-18 00:41:23,453 - DEBUG - https://api.mercadopago.com:443 "POST /checkout/preferences HTTP/1.1" 400 93
2025-02-18 00:41:23,474 - WARNING - Not Found: /carrinho/img/payment.png
2025-02-18 00:41:24,054 - DEBUG - Starting new HTTPS connection (1): api.mercadopago.com:443
2025-02-18 00:41:24,389 - DEBUG - https://api.mercadopago.com:443 "POST /checkout/preferences HTTP/1.1" 400 93
2025-02-18 00:41:24,410 - WARNING - Not Found: /carrinho/img/payment.png
2025-02-18 00:41:25,031 - DEBUG - Starting new HTTPS connection (1): api.mercadopago.com:443
2025-02-18 00:41:25,364 - DEBUG - https://api.mercadopago.com:443 "POST /checkout/preferences HTTP/1.1" 400 93
2025-02-18 00:41:25,385 - WARNING - Not Found: /carrinho/img/payment.png
2025-02-18 00:47:14,014 - WARNING - Not Found: /register/img/payment.png
2025-02-18 00:47:39,092 - INFO - C:\Users\igorm\Documents\projetos\site-cecilie\authentication\views.py changed, reloading.
2025-02-18 00:47:42,870 - INFO - C:\Users\igorm\Documents\projetos\site-cecilie\authentication\views.py changed, reloading.
2025-02-18 00:48:06,994 - WARNING - Not Found: /produtos/img/payment.png
2025-02-18 00:48:22,008 - INFO - C:\Users\igorm\Documents\projetos\site-cecilie\authentication\models.py changed, reloading.
2025-02-18 00:48:30,387 - INFO - C:\Users\igorm\Documents\projetos\site-cecilie\authentication\models.py changed, reloading.
2025-02-18 00:48:34,530 - INFO - C:\Users\igorm\Documents\projetos\site-cecilie\authentication\models.py changed, reloading.
2025-02-18 00:48:53,712 - INFO - C:\Users\igorm\Documents\projetos\site-cecilie\authentication\models.py changed, reloading.
2025-02-18 00:49:10,655 - INFO - C:\Users\igorm\Documents\projetos\site-cecilie\authentication\forms.py changed, reloading.
2025-02-18 00:49:15,419 - INFO - C:\Users\igorm\Documents\projetos\site-cecilie\authentication\forms.py changed, reloading.
2025-02-18 00:49:19,117 - INFO - C:\Users\igorm\Documents\projetos\site-cecilie\authentication\forms.py changed, reloading.
2025-02-18 00:49:30,231 - WARNING - Not Found: /register/img/payment.png
2025-02-18 00:49:43,414 - INFO - C:\Users\igorm\Documents\projetos\site-cecilie\authentication\forms.py changed, reloading.
2025-02-18 00:49:46,312 - WARNING - Not Found: /register/img/payment.png
2025-02-18 00:49:46,744 - WARNING - Not Found: /register/img/payment.png
2025-02-18 00:49:46,931 - WARNING - Not Found: /register/img/payment.png
2025-02-18 00:49:47,083 - WARNING - Not Found: /register/img/payment.png
2025-02-18 00:51:25,612 - WARNING - Not Found: /register/img/payment.png
2025-02-18 00:53:32,852 - INFO - C:\Users\igorm\Documents\projetos\site-cecilie\authentication\views.py changed, reloading.
2025-02-18 00:53:56,571 - INFO - C:\Users\igorm\Documents\projetos\site-cecilie\authentication\views.py changed, reloading.
2025-02-18 00:54:01,411 - INFO - C:\Users\igorm\Documents\projetos\site-cecilie\authentication\views.py changed, reloading.
2025-02-18 00:54:05,153 - INFO - C:\Users\igorm\Documents\projetos\site-cecilie\authentication\views.py changed, reloading.
2025-02-18 00:54:15,291 - INFO - C:\Users\igorm\Documents\projetos\site-cecilie\authentication\views.py changed, reloading.
2025-02-18 00:54:19,344 - INFO - C:\Users\igorm\Documents\projetos\site-cecilie\authentication\views.py changed, reloading.
2025-02-18 00:54:24,566 - INFO - C:\Users\igorm\Documents\projetos\site-cecilie\authentication\views.py changed, reloading.
2025-02-18 00:54:28,461 - INFO - C:\Users\igorm\Documents\projetos\site-cecilie\authentication\views.py changed, reloading.
2025-02-18 00:55:02,768 - INFO - C:\Users\igorm\Documents\projetos\site-cecilie\authentication\views.py changed, reloading.
2025-02-18 00:55:14,685 - INFO - C:\Users\igorm\Documents\projetos\site-cecilie\authentication\views.py changed, reloading.
2025-02-18 00:55:20,857 - INFO - C:\Users\igorm\Documents\projetos\site-cecilie\authentication\views.py changed, reloading.
2025-02-18 00:55:27,252 - INFO - C:\Users\igorm\Documents\projetos\site-cecilie\authentication\views.py changed, reloading.
2025-02-18 00:55:34,645 - INFO - C:\Users\igorm\Documents\projetos\site-cecilie\authentication\views.py changed, reloading.
2025-02-18 00:55:39,593 - WARNING - Not Found: /register/img/payment.png
2025-02-18 00:55:40,084 - WARNING - Not Found: /register/img/payment.png
2025-02-18 00:55:40,099 - INFO - C:\Users\igorm\Documents\projetos\site-cecilie\authentication\views.py changed, reloading.
2025-02-18 00:55:58,552 - DEBUG - Starting new HTTPS connection (1): viacep.com.br:443
2025-02-18 00:55:58,927 - DEBUG - https://viacep.com.br:443 "GET /ws/58414565/json/ HTTP/1.1" 200 None
2025-02-18 00:56:00,584 - WARNING - Not Found: /produtos/img/payment.png
2025-02-18 00:56:51,169 - INFO - C:\Users\igorm\Documents\projetos\site-cecilie\authentication\admin.py changed, reloading.
2025-02-18 00:57:06,738 - INFO - C:\Users\igorm\Documents\projetos\site-cecilie\authentication\admin.py changed, reloading.
2025-02-18 00:57:29,598 - INFO - C:\Users\igorm\Documents\projetos\site-cecilie\authentication\admin.py changed, reloading.
2025-02-18 00:58:27,266 - INFO - C:\Users\igorm\Documents\projetos\site-cecilie\authentication\admin.py changed, reloading.
2025-02-18 00:58:51,548 - WARNING - Not Found: /register/img/payment.png
2025-02-18 00:59:30,865 - DEBUG - Starting new HTTPS connection (1): viacep.com.br:443
2025-02-18 00:59:31,188 - DEBUG - https://viacep.com.br:443 "GET /ws/58090909/json/ HTTP/1.1" 200 None
2025-02-18 00:59:31,210 - ERROR - Internal Server Error: /register/
Traceback (most recent call last):
  File "C:\Users\igorm\Documents\projetos\site-cecilie\venv\Lib\site-packages\django\core\handlers\exception.py", line 55, in inner
    response = get_response(request)
  File "C:\Users\igorm\Documents\projetos\site-cecilie\venv\Lib\site-packages\django\core\handlers\base.py", line 197, in _get_response
    response = wrapped_callback(request, *callback_args, **callback_kwargs)
  File "C:\Users\igorm\Documents\projetos\site-cecilie\venv\Lib\site-packages\django\views\generic\base.py", line 104, in view
    return self.dispatch(request, *args, **kwargs)
           ~~~~~~~~~~~~~^^^^^^^^^^^^^^^^^^^^^^^^^^
  File "C:\Users\igorm\Documents\projetos\site-cecilie\venv\Lib\site-packages\django\views\generic\base.py", line 143, in dispatch
    return handler(request, *args, **kwargs)
  File "C:\Users\igorm\Documents\projetos\site-cecilie\authentication\views.py", line 37, in post
    if data['localidade'] == 'Campina Grande':
       ~~~~^^^^^^^^^^^^^^
KeyError: 'localidade'
2025-02-18 01:00:54,757 - DEBUG - Starting new HTTPS connection (1): viacep.com.br:443
2025-02-18 01:00:55,084 - DEBUG - https://viacep.com.br:443 "GET /ws/60520101/json/ HTTP/1.1" 200 None
2025-02-18 01:00:55,104 - ERROR - Internal Server Error: /register/
Traceback (most recent call last):
  File "C:\Users\igorm\Documents\projetos\site-cecilie\venv\Lib\site-packages\django\core\handlers\exception.py", line 55, in inner
    response = get_response(request)
  File "C:\Users\igorm\Documents\projetos\site-cecilie\venv\Lib\site-packages\django\core\handlers\base.py", line 197, in _get_response
    response = wrapped_callback(request, *callback_args, **callback_kwargs)
  File "C:\Users\igorm\Documents\projetos\site-cecilie\venv\Lib\site-packages\django\views\generic\base.py", line 104, in view
    return self.dispatch(request, *args, **kwargs)
           ~~~~~~~~~~~~~^^^^^^^^^^^^^^^^^^^^^^^^^^
  File "C:\Users\igorm\Documents\projetos\site-cecilie\venv\Lib\site-packages\django\views\generic\base.py", line 143, in dispatch
    return handler(request, *args, **kwargs)
  File "C:\Users\igorm\Documents\projetos\site-cecilie\authentication\views.py", line 45, in post
    form.save()
    ~~~~~~~~~^^
  File "C:\Users\igorm\Documents\projetos\site-cecilie\venv\Lib\site-packages\django\contrib\auth\forms.py", line 262, in save
    user = super().save(commit=False)
  File "C:\Users\igorm\Documents\projetos\site-cecilie\venv\Lib\site-packages\django\forms\models.py", line 545, in save
    raise ValueError(
    ...<5 lines>...
    )
ValueError: The Usuario could not be created because the data didn't validate.
2025-02-18 01:01:03,910 - DEBUG - Starting new HTTPS connection (1): viacep.com.br:443
2025-02-18 01:01:04,224 - DEBUG - https://viacep.com.br:443 "GET /ws/60520101/json/ HTTP/1.1" 200 None
2025-02-18 01:01:04,242 - ERROR - Internal Server Error: /register/
Traceback (most recent call last):
  File "C:\Users\igorm\Documents\projetos\site-cecilie\venv\Lib\site-packages\django\core\handlers\exception.py", line 55, in inner
    response = get_response(request)
  File "C:\Users\igorm\Documents\projetos\site-cecilie\venv\Lib\site-packages\django\core\handlers\base.py", line 197, in _get_response
    response = wrapped_callback(request, *callback_args, **callback_kwargs)
  File "C:\Users\igorm\Documents\projetos\site-cecilie\venv\Lib\site-packages\django\views\generic\base.py", line 104, in view
    return self.dispatch(request, *args, **kwargs)
           ~~~~~~~~~~~~~^^^^^^^^^^^^^^^^^^^^^^^^^^
  File "C:\Users\igorm\Documents\projetos\site-cecilie\venv\Lib\site-packages\django\views\generic\base.py", line 143, in dispatch
    return handler(request, *args, **kwargs)
  File "C:\Users\igorm\Documents\projetos\site-cecilie\authentication\views.py", line 45, in post
    form.save()
    ~~~~~~~~~^^
  File "C:\Users\igorm\Documents\projetos\site-cecilie\venv\Lib\site-packages\django\contrib\auth\forms.py", line 262, in save
    user = super().save(commit=False)
  File "C:\Users\igorm\Documents\projetos\site-cecilie\venv\Lib\site-packages\django\forms\models.py", line 545, in save
    raise ValueError(
    ...<5 lines>...
    )
ValueError: The Usuario could not be created because the data didn't validate.
2025-02-18 01:01:25,933 - DEBUG - Starting new HTTPS connection (1): viacep.com.br:443
2025-02-18 01:01:26,251 - DEBUG - https://viacep.com.br:443 "GET /ws/60520101/json/ HTTP/1.1" 200 None
2025-02-18 01:01:26,270 - ERROR - Internal Server Error: /register/
Traceback (most recent call last):
  File "C:\Users\igorm\Documents\projetos\site-cecilie\venv\Lib\site-packages\django\core\handlers\exception.py", line 55, in inner
    response = get_response(request)
  File "C:\Users\igorm\Documents\projetos\site-cecilie\venv\Lib\site-packages\django\core\handlers\base.py", line 197, in _get_response
    response = wrapped_callback(request, *callback_args, **callback_kwargs)
  File "C:\Users\igorm\Documents\projetos\site-cecilie\venv\Lib\site-packages\django\views\generic\base.py", line 104, in view
    return self.dispatch(request, *args, **kwargs)
           ~~~~~~~~~~~~~^^^^^^^^^^^^^^^^^^^^^^^^^^
  File "C:\Users\igorm\Documents\projetos\site-cecilie\venv\Lib\site-packages\django\views\generic\base.py", line 143, in dispatch
    return handler(request, *args, **kwargs)
  File "C:\Users\igorm\Documents\projetos\site-cecilie\authentication\views.py", line 45, in post
    form.save()
    ~~~~~~~~~^^
  File "C:\Users\igorm\Documents\projetos\site-cecilie\venv\Lib\site-packages\django\contrib\auth\forms.py", line 262, in save
    user = super().save(commit=False)
  File "C:\Users\igorm\Documents\projetos\site-cecilie\venv\Lib\site-packages\django\forms\models.py", line 545, in save
    raise ValueError(
    ...<5 lines>...
    )
ValueError: The Usuario could not be created because the data didn't validate.
2025-02-18 01:02:16,662 - INFO - C:\Users\igorm\Documents\projetos\site-cecilie\authentication\views.py changed, reloading.
2025-02-18 01:02:47,961 - WARNING - Not Found: /register/img/payment.png
2025-02-18 01:04:01,512 - WARNING - Not Found: /register/img/payment.png
2025-02-18 01:04:16,495 - DEBUG - Starting new HTTPS connection (1): viacep.com.br:443
2025-02-18 01:04:16,816 - DEBUG - https://viacep.com.br:443 "GET /ws/60520101/json/ HTTP/1.1" 200 None
2025-02-18 01:04:19,979 - DEBUG - Encoding detection: utf_8 is most likely the one.
2025-02-18 01:04:20,407 - DEBUG - Encoding detection: utf_8 is most likely the one.
2025-02-18 01:04:36,594 - WARNING - Not Found: /register/img/payment.png
2025-02-18 01:04:54,026 - INFO - C:\Users\igorm\Documents\projetos\site-cecilie\authentication\views.py changed, reloading.
2025-02-18 01:05:00,718 - INFO - C:\Users\igorm\Documents\projetos\site-cecilie\authentication\views.py changed, reloading.
2025-02-18 01:05:05,961 - DEBUG - Starting new HTTPS connection (1): viacep.com.br:443
2025-02-18 01:05:06,288 - DEBUG - https://viacep.com.br:443 "GET /ws/60520101/json/ HTTP/1.1" 200 None
2025-02-18 01:05:13,146 - WARNING - Not Found: /register/img/payment.png
2025-02-18 01:05:25,571 - INFO - C:\Users\igorm\Documents\projetos\site-cecilie\authentication\views.py changed, reloading.
2025-02-18 01:07:17,957 - DEBUG - Starting new HTTPS connection (1): viacep.com.br:443
2025-02-18 01:07:18,283 - DEBUG - https://viacep.com.br:443 "GET /ws/60520101/json/ HTTP/1.1" 200 None
2025-02-18 01:07:22,530 - DEBUG - Starting new HTTPS connection (1): viacep.com.br:443
2025-02-18 01:07:25,343 - DEBUG - https://viacep.com.br:443 "GET /ws/60520101/json/ HTTP/1.1" 200 None
2025-02-18 01:07:34,074 - DEBUG - Starting new HTTPS connection (1): viacep.com.br:443
2025-02-18 01:07:34,400 - DEBUG - https://viacep.com.br:443 "GET /ws/60520101/json/ HTTP/1.1" 200 None
2025-02-18 01:07:38,779 - DEBUG - Starting new HTTPS connection (1): viacep.com.br:443
2025-02-18 01:07:39,970 - DEBUG - https://viacep.com.br:443 "GET /ws/60520101/json/ HTTP/1.1" 200 None
2025-02-18 01:07:43,586 - WARNING - Not Found: /register/img/payment.png
2025-02-18 01:08:21,532 - INFO - C:\Users\igorm\Documents\projetos\site-cecilie\authentication\views.py changed, reloading.
2025-02-18 01:08:31,137 - DEBUG - Starting new HTTPS connection (1): viacep.com.br:443
2025-02-18 01:08:31,513 - DEBUG - https://viacep.com.br:443 "GET /ws/60520101/json/ HTTP/1.1" 200 None
2025-02-18 01:08:35,386 - WARNING - Not Found: /register/img/payment.png
2025-02-18 01:09:06,947 - WARNING - Not Found: /register/img/payment.png
2025-02-18 01:09:58,632 - WARNING - Not Found: /register/img/payment.png
2025-02-18 01:10:09,339 - DEBUG - Starting new HTTPS connection (1): viacep.com.br:443
2025-02-18 01:10:09,699 - DEBUG - https://viacep.com.br:443 "GET /ws/60520101/json/ HTTP/1.1" 200 None
2025-02-18 01:10:09,740 - WARNING - Not Found: /register/img/payment.png
2025-02-18 01:11:44,663 - DEBUG - Starting new HTTPS connection (1): viacep.com.br:443
2025-02-18 01:11:44,976 - DEBUG - https://viacep.com.br:443 "GET /ws/60520101/json/ HTTP/1.1" 200 None
2025-02-18 01:11:45,052 - WARNING - Not Found: /register/img/payment.png
2025-02-18 01:11:46,236 - WARNING - Not Found: /login/img/payment.png
2025-02-18 01:11:48,683 - WARNING - Not Found: /produtos/img/payment.png
2025-02-18 01:11:55,413 - INFO - Carrinho: 1, Criado agora? False
2025-02-18 01:11:58,630 - DEBUG - Starting new HTTPS connection (1): api.mercadopago.com:443
2025-02-18 01:11:59,038 - DEBUG - https://api.mercadopago.com:443 "POST /checkout/preferences HTTP/1.1" 400 93
2025-02-18 01:11:59,065 - WARNING - Not Found: /carrinho/img/payment.png
2025-02-18 01:13:17,876 - DEBUG - Starting new HTTPS connection (1): api.mercadopago.com:443
2025-02-18 01:13:18,293 - DEBUG - https://api.mercadopago.com:443 "POST /checkout/preferences HTTP/1.1" 400 93
2025-02-18 01:13:18,356 - WARNING - Not Found: /carrinho/img/payment.png
2025-02-18 01:13:18,389 - DEBUG - Starting new HTTPS connection (1): api.mercadopago.com:443
2025-02-18 01:13:18,731 - DEBUG - https://api.mercadopago.com:443 "POST /checkout/preferences HTTP/1.1" 400 93
2025-02-18 01:13:18,751 - WARNING - Not Found: /carrinho/img/payment.png
2025-02-18 01:13:28,107 - DEBUG - Starting new HTTPS connection (1): api.mercadopago.com:443
2025-02-18 01:13:28,414 - DEBUG - Starting new HTTPS connection (1): api.mercadopago.com:443
2025-02-18 01:13:28,465 - DEBUG - https://api.mercadopago.com:443 "POST /checkout/preferences HTTP/1.1" 400 93
2025-02-18 01:13:28,594 - DEBUG - Starting new HTTPS connection (1): api.mercadopago.com:443
2025-02-18 01:13:28,760 - DEBUG - https://api.mercadopago.com:443 "POST /checkout/preferences HTTP/1.1" 400 93
2025-02-18 01:13:28,935 - DEBUG - https://api.mercadopago.com:443 "POST /checkout/preferences HTTP/1.1" 400 93
2025-02-18 01:13:28,956 - WARNING - Not Found: /carrinho/img/payment.png
2025-02-18 01:13:40,708 - DEBUG - Starting new HTTPS connection (1): api.mercadopago.com:443
2025-02-18 01:13:41,049 - DEBUG - https://api.mercadopago.com:443 "POST /checkout/preferences HTTP/1.1" 400 93
2025-02-18 01:13:41,073 - WARNING - Not Found: /carrinho/img/payment.png
2025-02-18 01:13:41,500 - DEBUG - Starting new HTTPS connection (1): api.mercadopago.com:443
2025-02-18 01:13:41,833 - DEBUG - https://api.mercadopago.com:443 "POST /checkout/preferences HTTP/1.1" 400 93
2025-02-18 01:13:41,869 - WARNING - Not Found: /carrinho/img/payment.png
2025-02-18 01:13:41,878 - DEBUG - Starting new HTTPS connection (1): api.mercadopago.com:443
2025-02-18 01:13:42,080 - DEBUG - Starting new HTTPS connection (1): api.mercadopago.com:443
2025-02-18 01:13:42,204 - DEBUG - https://api.mercadopago.com:443 "POST /checkout/preferences HTTP/1.1" 400 93
2025-02-18 01:13:42,388 - DEBUG - Starting new HTTPS connection (1): api.mercadopago.com:443
2025-02-18 01:13:42,418 - DEBUG - https://api.mercadopago.com:443 "POST /checkout/preferences HTTP/1.1" 400 93
2025-02-18 01:13:42,592 - DEBUG - Starting new HTTPS connection (1): api.mercadopago.com:443
2025-02-18 01:13:42,721 - DEBUG - https://api.mercadopago.com:443 "POST /checkout/preferences HTTP/1.1" 400 93
2025-02-18 01:13:42,924 - DEBUG - https://api.mercadopago.com:443 "POST /checkout/preferences HTTP/1.1" 400 93
2025-02-18 01:13:42,951 - WARNING - Not Found: /carrinho/img/payment.png
2025-02-18 01:13:43,433 - DEBUG - Starting new HTTPS connection (1): api.mercadopago.com:443
2025-02-18 01:13:43,653 - DEBUG - Starting new HTTPS connection (1): api.mercadopago.com:443
2025-02-18 01:13:43,765 - DEBUG - https://api.mercadopago.com:443 "POST /checkout/preferences HTTP/1.1" 400 93
2025-02-18 01:13:43,976 - DEBUG - Starting new HTTPS connection (1): api.mercadopago.com:443
2025-02-18 01:13:43,983 - DEBUG - https://api.mercadopago.com:443 "POST /checkout/preferences HTTP/1.1" 400 93
2025-02-18 01:13:44,311 - DEBUG - https://api.mercadopago.com:443 "POST /checkout/preferences HTTP/1.1" 400 93
2025-02-18 01:13:44,335 - WARNING - Not Found: /carrinho/img/payment.png
2025-02-18 01:14:18,463 - DEBUG - Starting new HTTPS connection (1): api.mercadopago.com:443
2025-02-18 01:14:18,861 - DEBUG - https://api.mercadopago.com:443 "POST /checkout/preferences HTTP/1.1" 400 93
2025-02-18 01:14:18,899 - WARNING - Not Found: /carrinho/img/payment.png
2025-02-18 01:14:18,995 - DEBUG - Starting new HTTPS connection (1): api.mercadopago.com:443
2025-02-18 01:14:19,323 - DEBUG - https://api.mercadopago.com:443 "POST /checkout/preferences HTTP/1.1" 400 93
2025-02-18 01:14:19,358 - WARNING - Not Found: /carrinho/img/payment.png
2025-02-18 01:14:19,438 - DEBUG - Starting new HTTPS connection (1): api.mercadopago.com:443
2025-02-18 01:14:19,782 - DEBUG - https://api.mercadopago.com:443 "POST /checkout/preferences HTTP/1.1" 400 93
2025-02-18 01:14:19,809 - WARNING - Not Found: /carrinho/img/payment.png
2025-02-18 01:14:26,722 - DEBUG - Starting new HTTPS connection (1): api.mercadopago.com:443
2025-02-18 01:14:27,046 - DEBUG - Starting new HTTPS connection (1): api.mercadopago.com:443
2025-02-18 01:14:27,067 - DEBUG - https://api.mercadopago.com:443 "POST /checkout/preferences HTTP/1.1" 400 93
2025-02-18 01:14:27,304 - DEBUG - Starting new HTTPS connection (1): api.mercadopago.com:443
2025-02-18 01:14:27,394 - DEBUG - https://api.mercadopago.com:443 "POST /checkout/preferences HTTP/1.1" 400 93
2025-02-18 01:14:27,636 - DEBUG - Starting new HTTPS connection (1): api.mercadopago.com:443
2025-02-18 01:14:27,656 - DEBUG - https://api.mercadopago.com:443 "POST /checkout/preferences HTTP/1.1" 400 93
2025-02-18 01:14:27,962 - DEBUG - https://api.mercadopago.com:443 "POST /checkout/preferences HTTP/1.1" 400 93
2025-02-18 01:14:27,982 - WARNING - Not Found: /carrinho/img/payment.png
2025-02-18 01:14:28,096 - DEBUG - Starting new HTTPS connection (1): api.mercadopago.com:443
2025-02-18 01:14:28,454 - DEBUG - https://api.mercadopago.com:443 "POST /checkout/preferences HTTP/1.1" 400 93
2025-02-18 01:14:28,479 - WARNING - Not Found: /carrinho/img/payment.png
2025-02-18 01:14:37,877 - DEBUG - Starting new HTTPS connection (1): api.mercadopago.com:443
2025-02-18 01:14:38,223 - DEBUG - https://api.mercadopago.com:443 "POST /checkout/preferences HTTP/1.1" 400 93
2025-02-18 01:14:38,255 - WARNING - Not Found: /carrinho/img/payment.png
2025-02-18 01:14:38,274 - DEBUG - Starting new HTTPS connection (1): api.mercadopago.com:443
2025-02-18 01:14:38,625 - DEBUG - https://api.mercadopago.com:443 "POST /checkout/preferences HTTP/1.1" 400 93
2025-02-18 01:14:38,648 - WARNING - Not Found: /carrinho/img/payment.png
2025-02-18 01:15:55,406 - DEBUG - Starting new HTTPS connection (1): api.mercadopago.com:443
2025-02-18 01:15:55,744 - DEBUG - Starting new HTTPS connection (1): api.mercadopago.com:443
2025-02-18 01:15:55,800 - DEBUG - https://api.mercadopago.com:443 "POST /checkout/preferences HTTP/1.1" 400 93
2025-02-18 01:15:56,089 - DEBUG - https://api.mercadopago.com:443 "POST /checkout/preferences HTTP/1.1" 400 93
2025-02-18 01:15:56,124 - WARNING - Not Found: /carrinho/img/payment.png
2025-02-18 01:15:56,843 - DEBUG - Starting new HTTPS connection (1): api.mercadopago.com:443
2025-02-18 01:15:57,198 - DEBUG - https://api.mercadopago.com:443 "POST /checkout/preferences HTTP/1.1" 400 93
2025-02-18 01:15:57,219 - WARNING - Not Found: /carrinho/img/payment.png
2025-02-18 01:17:32,639 - DEBUG - Starting new HTTPS connection (1): api.mercadopago.com:443
2025-02-18 01:17:33,034 - DEBUG - https://api.mercadopago.com:443 "POST /checkout/preferences HTTP/1.1" 400 93
2025-02-18 01:17:33,079 - WARNING - Not Found: /carrinho/img/payment.png
2025-02-18 01:18:23,439 - INFO - C:\Users\igorm\Documents\projetos\site-cecilie\pagamento\views.py changed, reloading.
2025-02-18 01:18:26,962 - INFO - C:\Users\igorm\Documents\projetos\site-cecilie\pagamento\views.py changed, reloading.
2025-02-18 01:18:29,080 - DEBUG - Starting new HTTPS connection (1): api.mercadopago.com:443
2025-02-18 01:18:29,507 - DEBUG - https://api.mercadopago.com:443 "POST /checkout/preferences HTTP/1.1" 400 120
2025-02-18 01:18:29,576 - WARNING - Not Found: /carrinho/img/payment.png
2025-02-18 01:18:39,004 - INFO - C:\Users\igorm\Documents\projetos\site-cecilie\pagamento\views.py changed, reloading.
2025-02-18 01:21:16,372 - DEBUG - Starting new HTTPS connection (1): api.mercadopago.com:443
2025-02-18 01:21:16,958 - DEBUG - https://api.mercadopago.com:443 "POST /checkout/preferences HTTP/1.1" 201 821
2025-02-18 01:21:54,372 - WARNING - Not Found: /carrinho/img/payment.png
2025-02-18 01:22:12,656 - WARNING - Not Found: /img/testimonial-1.jpg
2025-02-18 01:22:12,762 - WARNING - Not Found: /img/payment.png
2025-02-18 01:24:58,900 - DEBUG - Starting new HTTPS connection (1): api.mercadopago.com:443
2025-02-18 01:24:58,930 - DEBUG - Starting new HTTPS connection (1): api.mercadopago.com:443
2025-02-18 01:24:58,955 - DEBUG - Starting new HTTPS connection (1): api.mercadopago.com:443
2025-02-18 01:24:59,499 - DEBUG - https://api.mercadopago.com:443 "POST /checkout/preferences HTTP/1.1" 201 819
2025-02-18 01:24:59,515 - DEBUG - https://api.mercadopago.com:443 "POST /checkout/preferences HTTP/1.1" 201 819
2025-02-18 01:24:59,530 - DEBUG - https://api.mercadopago.com:443 "POST /checkout/preferences HTTP/1.1" 201 820
2025-02-18 01:24:59,583 - WARNING - Not Found: /carrinho/img/payment.png
2025-02-18 01:25:08,247 - DEBUG - Starting new HTTPS connection (1): api.mercadopago.com:443
2025-02-18 01:25:08,691 - DEBUG - https://api.mercadopago.com:443 "POST /checkout/preferences HTTP/1.1" 201 820
2025-02-18 01:25:08,735 - WARNING - Not Found: /carrinho/img/payment.png
2025-02-18 01:27:19,555 - DEBUG - Starting new HTTPS connection (1): api.mercadopago.com:443
2025-02-18 01:27:20,104 - DEBUG - https://api.mercadopago.com:443 "POST /checkout/preferences HTTP/1.1" 201 820
2025-02-18 01:27:42,560 - DEBUG - Starting new HTTPS connection (1): api.mercadopago.com:443
2025-02-18 01:27:42,979 - DEBUG - https://api.mercadopago.com:443 "POST /checkout/preferences HTTP/1.1" 201 821
2025-02-18 01:27:43,012 - WARNING - Not Found: /carrinho/img/payment.png
2025-02-18 01:28:01,768 - DEBUG - Starting new HTTPS connection (1): api.mercadopago.com:443
2025-02-18 01:28:02,182 - DEBUG - https://api.mercadopago.com:443 "POST /checkout/preferences HTTP/1.1" 201 819
2025-02-18 01:28:02,213 - WARNING - Not Found: /carrinho/img/payment.png
2025-02-18 01:28:02,952 - DEBUG - Starting new HTTPS connection (1): api.mercadopago.com:443
2025-02-18 01:28:03,391 - DEBUG - https://api.mercadopago.com:443 "POST /checkout/preferences HTTP/1.1" 201 819
2025-02-18 01:28:03,445 - ERROR - Internal Server Error: /carrinho/
Traceback (most recent call last):
  File "C:\Users\igorm\Documents\projetos\site-cecilie\venv\Lib\site-packages\django\core\handlers\exception.py", line 55, in inner
    response = get_response(request)
  File "C:\Users\igorm\Documents\projetos\site-cecilie\venv\Lib\site-packages\django\core\handlers\base.py", line 197, in _get_response
    response = wrapped_callback(request, *callback_args, **callback_kwargs)
  File "C:\Users\igorm\Documents\projetos\site-cecilie\venv\Lib\site-packages\django\contrib\auth\decorators.py", line 60, in _view_wrapper
    return view_func(request, *args, **kwargs)
  File "C:\Users\igorm\Documents\projetos\site-cecilie\carrinho\views.py", line 69, in pagina_carrinho
    return render(request, 'cart.html', context)
  File "C:\Users\igorm\Documents\projetos\site-cecilie\venv\Lib\site-packages\django\shortcuts.py", line 25, in render
    content = loader.render_to_string(template_name, context, request, using=using)
  File "C:\Users\igorm\Documents\projetos\site-cecilie\venv\Lib\site-packages\django\template\loader.py", line 61, in render_to_string
    template = get_template(template_name, using=using)
  File "C:\Users\igorm\Documents\projetos\site-cecilie\venv\Lib\site-packages\django\template\loader.py", line 15, in get_template
    return engine.get_template(template_name)
           ~~~~~~~~~~~~~~~~~~~^^^^^^^^^^^^^^^
  File "C:\Users\igorm\Documents\projetos\site-cecilie\venv\Lib\site-packages\django\template\backends\django.py", line 79, in get_template
    return Template(self.engine.get_template(template_name), self)
                    ~~~~~~~~~~~~~~~~~~~~~~~~^^^^^^^^^^^^^^^
  File "C:\Users\igorm\Documents\projetos\site-cecilie\venv\Lib\site-packages\django\template\engine.py", line 177, in get_template
    template, origin = self.find_template(template_name)
                       ~~~~~~~~~~~~~~~~~~^^^^^^^^^^^^^^^
  File "C:\Users\igorm\Documents\projetos\site-cecilie\venv\Lib\site-packages\django\template\engine.py", line 159, in find_template
    template = loader.get_template(name, skip=skip)
  File "C:\Users\igorm\Documents\projetos\site-cecilie\venv\Lib\site-packages\django\template\loaders\cached.py", line 57, in get_template
    template = super().get_template(template_name, skip)
  File "C:\Users\igorm\Documents\projetos\site-cecilie\venv\Lib\site-packages\django\template\loaders\base.py", line 28, in get_template
    return Template(
        contents,
    ...<2 lines>...
        self.engine,
    )
  File "C:\Users\igorm\Documents\projetos\site-cecilie\venv\Lib\site-packages\django\template\base.py", line 154, in __init__
    self.nodelist = self.compile_nodelist()
                    ~~~~~~~~~~~~~~~~~~~~~^^
  File "C:\Users\igorm\Documents\projetos\site-cecilie\venv\Lib\site-packages\django\template\base.py", line 196, in compile_nodelist
    nodelist = parser.parse()
  File "C:\Users\igorm\Documents\projetos\site-cecilie\venv\Lib\site-packages\django\template\base.py", line 518, in parse
    raise self.error(token, e)
  File "C:\Users\igorm\Documents\projetos\site-cecilie\venv\Lib\site-packages\django\template\base.py", line 516, in parse
    compiled_result = compile_func(self, token)
  File "C:\Users\igorm\Documents\projetos\site-cecilie\venv\Lib\site-packages\django\template\loader_tags.py", line 295, in do_extends
    nodelist = parser.parse()
  File "C:\Users\igorm\Documents\projetos\site-cecilie\venv\Lib\site-packages\django\template\base.py", line 518, in parse
    raise self.error(token, e)
  File "C:\Users\igorm\Documents\projetos\site-cecilie\venv\Lib\site-packages\django\template\base.py", line 516, in parse
    compiled_result = compile_func(self, token)
  File "C:\Users\igorm\Documents\projetos\site-cecilie\venv\Lib\site-packages\django\template\loader_tags.py", line 234, in do_block
    nodelist = parser.parse(("endblock",))
  File "C:\Users\igorm\Documents\projetos\site-cecilie\venv\Lib\site-packages\django\template\base.py", line 518, in parse
    raise self.error(token, e)
  File "C:\Users\igorm\Documents\projetos\site-cecilie\venv\Lib\site-packages\django\template\base.py", line 516, in parse
    compiled_result = compile_func(self, token)
  File "C:\Users\igorm\Documents\projetos\site-cecilie\venv\Lib\site-packages\django\template\loader_tags.py", line 295, in do_extends
    nodelist = parser.parse()
  File "C:\Users\igorm\Documents\projetos\site-cecilie\venv\Lib\site-packages\django\template\base.py", line 518, in parse
    raise self.error(token, e)
  File "C:\Users\igorm\Documents\projetos\site-cecilie\venv\Lib\site-packages\django\template\base.py", line 516, in parse
    compiled_result = compile_func(self, token)
  File "C:\Users\igorm\Documents\projetos\site-cecilie\venv\Lib\site-packages\django\template\loader_tags.py", line 228, in do_block
    raise TemplateSyntaxError(
        "'%s' tag with name '%s' appears more than once" % (bits[0], block_name)
    )
django.template.exceptions.TemplateSyntaxError: 'block' tag with name ''content'' appears more than once
2025-02-18 01:28:03,647 - DEBUG - Starting new HTTPS connection (1): api.mercadopago.com:443
2025-02-18 01:28:04,071 - DEBUG - https://api.mercadopago.com:443 "POST /checkout/preferences HTTP/1.1" 201 819
2025-02-18 01:28:04,107 - ERROR - Internal Server Error: /carrinho/
Traceback (most recent call last):
  File "C:\Users\igorm\Documents\projetos\site-cecilie\venv\Lib\site-packages\django\core\handlers\exception.py", line 55, in inner
    response = get_response(request)
  File "C:\Users\igorm\Documents\projetos\site-cecilie\venv\Lib\site-packages\django\core\handlers\base.py", line 197, in _get_response
    response = wrapped_callback(request, *callback_args, **callback_kwargs)
  File "C:\Users\igorm\Documents\projetos\site-cecilie\venv\Lib\site-packages\django\contrib\auth\decorators.py", line 60, in _view_wrapper
    return view_func(request, *args, **kwargs)
  File "C:\Users\igorm\Documents\projetos\site-cecilie\carrinho\views.py", line 69, in pagina_carrinho
    return render(request, 'cart.html', context)
  File "C:\Users\igorm\Documents\projetos\site-cecilie\venv\Lib\site-packages\django\shortcuts.py", line 25, in render
    content = loader.render_to_string(template_name, context, request, using=using)
  File "C:\Users\igorm\Documents\projetos\site-cecilie\venv\Lib\site-packages\django\template\loader.py", line 61, in render_to_string
    template = get_template(template_name, using=using)
  File "C:\Users\igorm\Documents\projetos\site-cecilie\venv\Lib\site-packages\django\template\loader.py", line 15, in get_template
    return engine.get_template(template_name)
           ~~~~~~~~~~~~~~~~~~~^^^^^^^^^^^^^^^
  File "C:\Users\igorm\Documents\projetos\site-cecilie\venv\Lib\site-packages\django\template\backends\django.py", line 79, in get_template
    return Template(self.engine.get_template(template_name), self)
                    ~~~~~~~~~~~~~~~~~~~~~~~~^^^^^^^^^^^^^^^
  File "C:\Users\igorm\Documents\projetos\site-cecilie\venv\Lib\site-packages\django\template\engine.py", line 177, in get_template
    template, origin = self.find_template(template_name)
                       ~~~~~~~~~~~~~~~~~~^^^^^^^^^^^^^^^
  File "C:\Users\igorm\Documents\projetos\site-cecilie\venv\Lib\site-packages\django\template\engine.py", line 159, in find_template
    template = loader.get_template(name, skip=skip)
  File "C:\Users\igorm\Documents\projetos\site-cecilie\venv\Lib\site-packages\django\template\loaders\cached.py", line 57, in get_template
    template = super().get_template(template_name, skip)
  File "C:\Users\igorm\Documents\projetos\site-cecilie\venv\Lib\site-packages\django\template\loaders\base.py", line 28, in get_template
    return Template(
        contents,
    ...<2 lines>...
        self.engine,
    )
  File "C:\Users\igorm\Documents\projetos\site-cecilie\venv\Lib\site-packages\django\template\base.py", line 154, in __init__
    self.nodelist = self.compile_nodelist()
                    ~~~~~~~~~~~~~~~~~~~~~^^
  File "C:\Users\igorm\Documents\projetos\site-cecilie\venv\Lib\site-packages\django\template\base.py", line 196, in compile_nodelist
    nodelist = parser.parse()
  File "C:\Users\igorm\Documents\projetos\site-cecilie\venv\Lib\site-packages\django\template\base.py", line 518, in parse
    raise self.error(token, e)
  File "C:\Users\igorm\Documents\projetos\site-cecilie\venv\Lib\site-packages\django\template\base.py", line 516, in parse
    compiled_result = compile_func(self, token)
  File "C:\Users\igorm\Documents\projetos\site-cecilie\venv\Lib\site-packages\django\template\loader_tags.py", line 295, in do_extends
    nodelist = parser.parse()
  File "C:\Users\igorm\Documents\projetos\site-cecilie\venv\Lib\site-packages\django\template\base.py", line 518, in parse
    raise self.error(token, e)
  File "C:\Users\igorm\Documents\projetos\site-cecilie\venv\Lib\site-packages\django\template\base.py", line 516, in parse
    compiled_result = compile_func(self, token)
  File "C:\Users\igorm\Documents\projetos\site-cecilie\venv\Lib\site-packages\django\template\loader_tags.py", line 234, in do_block
    nodelist = parser.parse(("endblock",))
  File "C:\Users\igorm\Documents\projetos\site-cecilie\venv\Lib\site-packages\django\template\base.py", line 518, in parse
    raise self.error(token, e)
  File "C:\Users\igorm\Documents\projetos\site-cecilie\venv\Lib\site-packages\django\template\base.py", line 516, in parse
    compiled_result = compile_func(self, token)
  File "C:\Users\igorm\Documents\projetos\site-cecilie\venv\Lib\site-packages\django\template\loader_tags.py", line 295, in do_extends
    nodelist = parser.parse()
  File "C:\Users\igorm\Documents\projetos\site-cecilie\venv\Lib\site-packages\django\template\base.py", line 518, in parse
    raise self.error(token, e)
  File "C:\Users\igorm\Documents\projetos\site-cecilie\venv\Lib\site-packages\django\template\base.py", line 516, in parse
    compiled_result = compile_func(self, token)
  File "C:\Users\igorm\Documents\projetos\site-cecilie\venv\Lib\site-packages\django\template\loader_tags.py", line 228, in do_block
    raise TemplateSyntaxError(
        "'%s' tag with name '%s' appears more than once" % (bits[0], block_name)
    )
django.template.exceptions.TemplateSyntaxError: 'block' tag with name ''content'' appears more than once
2025-02-18 01:28:04,177 - DEBUG - Starting new HTTPS connection (1): api.mercadopago.com:443
2025-02-18 01:28:04,606 - DEBUG - https://api.mercadopago.com:443 "POST /checkout/preferences HTTP/1.1" 201 819
2025-02-18 01:28:04,612 - DEBUG - Starting new HTTPS connection (1): api.mercadopago.com:443
2025-02-18 01:28:04,655 - ERROR - Internal Server Error: /carrinho/
Traceback (most recent call last):
  File "C:\Users\igorm\Documents\projetos\site-cecilie\venv\Lib\site-packages\django\core\handlers\exception.py", line 55, in inner
    response = get_response(request)
  File "C:\Users\igorm\Documents\projetos\site-cecilie\venv\Lib\site-packages\django\core\handlers\base.py", line 197, in _get_response
    response = wrapped_callback(request, *callback_args, **callback_kwargs)
  File "C:\Users\igorm\Documents\projetos\site-cecilie\venv\Lib\site-packages\django\contrib\auth\decorators.py", line 60, in _view_wrapper
    return view_func(request, *args, **kwargs)
  File "C:\Users\igorm\Documents\projetos\site-cecilie\carrinho\views.py", line 69, in pagina_carrinho
    return render(request, 'cart.html', context)
  File "C:\Users\igorm\Documents\projetos\site-cecilie\venv\Lib\site-packages\django\shortcuts.py", line 25, in render
    content = loader.render_to_string(template_name, context, request, using=using)
  File "C:\Users\igorm\Documents\projetos\site-cecilie\venv\Lib\site-packages\django\template\loader.py", line 61, in render_to_string
    template = get_template(template_name, using=using)
  File "C:\Users\igorm\Documents\projetos\site-cecilie\venv\Lib\site-packages\django\template\loader.py", line 15, in get_template
    return engine.get_template(template_name)
           ~~~~~~~~~~~~~~~~~~~^^^^^^^^^^^^^^^
  File "C:\Users\igorm\Documents\projetos\site-cecilie\venv\Lib\site-packages\django\template\backends\django.py", line 79, in get_template
    return Template(self.engine.get_template(template_name), self)
                    ~~~~~~~~~~~~~~~~~~~~~~~~^^^^^^^^^^^^^^^
  File "C:\Users\igorm\Documents\projetos\site-cecilie\venv\Lib\site-packages\django\template\engine.py", line 177, in get_template
    template, origin = self.find_template(template_name)
                       ~~~~~~~~~~~~~~~~~~^^^^^^^^^^^^^^^
  File "C:\Users\igorm\Documents\projetos\site-cecilie\venv\Lib\site-packages\django\template\engine.py", line 159, in find_template
    template = loader.get_template(name, skip=skip)
  File "C:\Users\igorm\Documents\projetos\site-cecilie\venv\Lib\site-packages\django\template\loaders\cached.py", line 57, in get_template
    template = super().get_template(template_name, skip)
  File "C:\Users\igorm\Documents\projetos\site-cecilie\venv\Lib\site-packages\django\template\loaders\base.py", line 28, in get_template
    return Template(
        contents,
    ...<2 lines>...
        self.engine,
    )
  File "C:\Users\igorm\Documents\projetos\site-cecilie\venv\Lib\site-packages\django\template\base.py", line 154, in __init__
    self.nodelist = self.compile_nodelist()
                    ~~~~~~~~~~~~~~~~~~~~~^^
  File "C:\Users\igorm\Documents\projetos\site-cecilie\venv\Lib\site-packages\django\template\base.py", line 196, in compile_nodelist
    nodelist = parser.parse()
  File "C:\Users\igorm\Documents\projetos\site-cecilie\venv\Lib\site-packages\django\template\base.py", line 518, in parse
    raise self.error(token, e)
  File "C:\Users\igorm\Documents\projetos\site-cecilie\venv\Lib\site-packages\django\template\base.py", line 516, in parse
    compiled_result = compile_func(self, token)
  File "C:\Users\igorm\Documents\projetos\site-cecilie\venv\Lib\site-packages\django\template\loader_tags.py", line 295, in do_extends
    nodelist = parser.parse()
  File "C:\Users\igorm\Documents\projetos\site-cecilie\venv\Lib\site-packages\django\template\base.py", line 518, in parse
    raise self.error(token, e)
  File "C:\Users\igorm\Documents\projetos\site-cecilie\venv\Lib\site-packages\django\template\base.py", line 516, in parse
    compiled_result = compile_func(self, token)
  File "C:\Users\igorm\Documents\projetos\site-cecilie\venv\Lib\site-packages\django\template\loader_tags.py", line 234, in do_block
    nodelist = parser.parse(("endblock",))
  File "C:\Users\igorm\Documents\projetos\site-cecilie\venv\Lib\site-packages\django\template\base.py", line 518, in parse
    raise self.error(token, e)
  File "C:\Users\igorm\Documents\projetos\site-cecilie\venv\Lib\site-packages\django\template\base.py", line 516, in parse
    compiled_result = compile_func(self, token)
  File "C:\Users\igorm\Documents\projetos\site-cecilie\venv\Lib\site-packages\django\template\loader_tags.py", line 295, in do_extends
    nodelist = parser.parse()
  File "C:\Users\igorm\Documents\projetos\site-cecilie\venv\Lib\site-packages\django\template\base.py", line 518, in parse
    raise self.error(token, e)
  File "C:\Users\igorm\Documents\projetos\site-cecilie\venv\Lib\site-packages\django\template\base.py", line 516, in parse
    compiled_result = compile_func(self, token)
  File "C:\Users\igorm\Documents\projetos\site-cecilie\venv\Lib\site-packages\django\template\loader_tags.py", line 228, in do_block
    raise TemplateSyntaxError(
        "'%s' tag with name '%s' appears more than once" % (bits[0], block_name)
    )
django.template.exceptions.TemplateSyntaxError: 'block' tag with name ''content'' appears more than once
2025-02-18 01:28:04,830 - DEBUG - Starting new HTTPS connection (1): api.mercadopago.com:443
2025-02-18 01:28:05,023 - DEBUG - Starting new HTTPS connection (1): api.mercadopago.com:443
2025-02-18 01:28:05,059 - DEBUG - https://api.mercadopago.com:443 "POST /checkout/preferences HTTP/1.1" 201 820
2025-02-18 01:28:05,102 - ERROR - Internal Server Error: /carrinho/
Traceback (most recent call last):
  File "C:\Users\igorm\Documents\projetos\site-cecilie\venv\Lib\site-packages\django\core\handlers\exception.py", line 55, in inner
    response = get_response(request)
  File "C:\Users\igorm\Documents\projetos\site-cecilie\venv\Lib\site-packages\django\core\handlers\base.py", line 197, in _get_response
    response = wrapped_callback(request, *callback_args, **callback_kwargs)
  File "C:\Users\igorm\Documents\projetos\site-cecilie\venv\Lib\site-packages\django\contrib\auth\decorators.py", line 60, in _view_wrapper
    return view_func(request, *args, **kwargs)
  File "C:\Users\igorm\Documents\projetos\site-cecilie\carrinho\views.py", line 69, in pagina_carrinho
    return render(request, 'cart.html', context)
  File "C:\Users\igorm\Documents\projetos\site-cecilie\venv\Lib\site-packages\django\shortcuts.py", line 25, in render
    content = loader.render_to_string(template_name, context, request, using=using)
  File "C:\Users\igorm\Documents\projetos\site-cecilie\venv\Lib\site-packages\django\template\loader.py", line 61, in render_to_string
    template = get_template(template_name, using=using)
  File "C:\Users\igorm\Documents\projetos\site-cecilie\venv\Lib\site-packages\django\template\loader.py", line 15, in get_template
    return engine.get_template(template_name)
           ~~~~~~~~~~~~~~~~~~~^^^^^^^^^^^^^^^
  File "C:\Users\igorm\Documents\projetos\site-cecilie\venv\Lib\site-packages\django\template\backends\django.py", line 79, in get_template
    return Template(self.engine.get_template(template_name), self)
                    ~~~~~~~~~~~~~~~~~~~~~~~~^^^^^^^^^^^^^^^
  File "C:\Users\igorm\Documents\projetos\site-cecilie\venv\Lib\site-packages\django\template\engine.py", line 177, in get_template
    template, origin = self.find_template(template_name)
                       ~~~~~~~~~~~~~~~~~~^^^^^^^^^^^^^^^
  File "C:\Users\igorm\Documents\projetos\site-cecilie\venv\Lib\site-packages\django\template\engine.py", line 159, in find_template
    template = loader.get_template(name, skip=skip)
  File "C:\Users\igorm\Documents\projetos\site-cecilie\venv\Lib\site-packages\django\template\loaders\cached.py", line 57, in get_template
    template = super().get_template(template_name, skip)
  File "C:\Users\igorm\Documents\projetos\site-cecilie\venv\Lib\site-packages\django\template\loaders\base.py", line 28, in get_template
    return Template(
        contents,
    ...<2 lines>...
        self.engine,
    )
  File "C:\Users\igorm\Documents\projetos\site-cecilie\venv\Lib\site-packages\django\template\base.py", line 154, in __init__
    self.nodelist = self.compile_nodelist()
                    ~~~~~~~~~~~~~~~~~~~~~^^
  File "C:\Users\igorm\Documents\projetos\site-cecilie\venv\Lib\site-packages\django\template\base.py", line 196, in compile_nodelist
    nodelist = parser.parse()
  File "C:\Users\igorm\Documents\projetos\site-cecilie\venv\Lib\site-packages\django\template\base.py", line 518, in parse
    raise self.error(token, e)
  File "C:\Users\igorm\Documents\projetos\site-cecilie\venv\Lib\site-packages\django\template\base.py", line 516, in parse
    compiled_result = compile_func(self, token)
  File "C:\Users\igorm\Documents\projetos\site-cecilie\venv\Lib\site-packages\django\template\loader_tags.py", line 295, in do_extends
    nodelist = parser.parse()
  File "C:\Users\igorm\Documents\projetos\site-cecilie\venv\Lib\site-packages\django\template\base.py", line 518, in parse
    raise self.error(token, e)
  File "C:\Users\igorm\Documents\projetos\site-cecilie\venv\Lib\site-packages\django\template\base.py", line 516, in parse
    compiled_result = compile_func(self, token)
  File "C:\Users\igorm\Documents\projetos\site-cecilie\venv\Lib\site-packages\django\template\loader_tags.py", line 234, in do_block
    nodelist = parser.parse(("endblock",))
  File "C:\Users\igorm\Documents\projetos\site-cecilie\venv\Lib\site-packages\django\template\base.py", line 518, in parse
    raise self.error(token, e)
  File "C:\Users\igorm\Documents\projetos\site-cecilie\venv\Lib\site-packages\django\template\base.py", line 516, in parse
    compiled_result = compile_func(self, token)
  File "C:\Users\igorm\Documents\projetos\site-cecilie\venv\Lib\site-packages\django\template\loader_tags.py", line 295, in do_extends
    nodelist = parser.parse()
  File "C:\Users\igorm\Documents\projetos\site-cecilie\venv\Lib\site-packages\django\template\base.py", line 518, in parse
    raise self.error(token, e)
  File "C:\Users\igorm\Documents\projetos\site-cecilie\venv\Lib\site-packages\django\template\base.py", line 516, in parse
    compiled_result = compile_func(self, token)
  File "C:\Users\igorm\Documents\projetos\site-cecilie\venv\Lib\site-packages\django\template\loader_tags.py", line 228, in do_block
    raise TemplateSyntaxError(
        "'%s' tag with name '%s' appears more than once" % (bits[0], block_name)
    )
django.template.exceptions.TemplateSyntaxError: 'block' tag with name ''content'' appears more than once
2025-02-18 01:28:05,187 - DEBUG - Starting new HTTPS connection (1): api.mercadopago.com:443
2025-02-18 01:28:05,268 - DEBUG - https://api.mercadopago.com:443 "POST /checkout/preferences HTTP/1.1" 201 820
2025-02-18 01:28:05,308 - ERROR - Internal Server Error: /carrinho/
Traceback (most recent call last):
  File "C:\Users\igorm\Documents\projetos\site-cecilie\venv\Lib\site-packages\django\core\handlers\exception.py", line 55, in inner
    response = get_response(request)
  File "C:\Users\igorm\Documents\projetos\site-cecilie\venv\Lib\site-packages\django\core\handlers\base.py", line 197, in _get_response
    response = wrapped_callback(request, *callback_args, **callback_kwargs)
  File "C:\Users\igorm\Documents\projetos\site-cecilie\venv\Lib\site-packages\django\contrib\auth\decorators.py", line 60, in _view_wrapper
    return view_func(request, *args, **kwargs)
  File "C:\Users\igorm\Documents\projetos\site-cecilie\carrinho\views.py", line 69, in pagina_carrinho
    return render(request, 'cart.html', context)
  File "C:\Users\igorm\Documents\projetos\site-cecilie\venv\Lib\site-packages\django\shortcuts.py", line 25, in render
    content = loader.render_to_string(template_name, context, request, using=using)
  File "C:\Users\igorm\Documents\projetos\site-cecilie\venv\Lib\site-packages\django\template\loader.py", line 61, in render_to_string
    template = get_template(template_name, using=using)
  File "C:\Users\igorm\Documents\projetos\site-cecilie\venv\Lib\site-packages\django\template\loader.py", line 15, in get_template
    return engine.get_template(template_name)
           ~~~~~~~~~~~~~~~~~~~^^^^^^^^^^^^^^^
  File "C:\Users\igorm\Documents\projetos\site-cecilie\venv\Lib\site-packages\django\template\backends\django.py", line 79, in get_template
    return Template(self.engine.get_template(template_name), self)
                    ~~~~~~~~~~~~~~~~~~~~~~~~^^^^^^^^^^^^^^^
  File "C:\Users\igorm\Documents\projetos\site-cecilie\venv\Lib\site-packages\django\template\engine.py", line 177, in get_template
    template, origin = self.find_template(template_name)
                       ~~~~~~~~~~~~~~~~~~^^^^^^^^^^^^^^^
  File "C:\Users\igorm\Documents\projetos\site-cecilie\venv\Lib\site-packages\django\template\engine.py", line 159, in find_template
    template = loader.get_template(name, skip=skip)
  File "C:\Users\igorm\Documents\projetos\site-cecilie\venv\Lib\site-packages\django\template\loaders\cached.py", line 57, in get_template
    template = super().get_template(template_name, skip)
  File "C:\Users\igorm\Documents\projetos\site-cecilie\venv\Lib\site-packages\django\template\loaders\base.py", line 28, in get_template
    return Template(
        contents,
    ...<2 lines>...
        self.engine,
    )
  File "C:\Users\igorm\Documents\projetos\site-cecilie\venv\Lib\site-packages\django\template\base.py", line 154, in __init__
    self.nodelist = self.compile_nodelist()
                    ~~~~~~~~~~~~~~~~~~~~~^^
  File "C:\Users\igorm\Documents\projetos\site-cecilie\venv\Lib\site-packages\django\template\base.py", line 196, in compile_nodelist
    nodelist = parser.parse()
  File "C:\Users\igorm\Documents\projetos\site-cecilie\venv\Lib\site-packages\django\template\base.py", line 518, in parse
    raise self.error(token, e)
  File "C:\Users\igorm\Documents\projetos\site-cecilie\venv\Lib\site-packages\django\template\base.py", line 516, in parse
    compiled_result = compile_func(self, token)
  File "C:\Users\igorm\Documents\projetos\site-cecilie\venv\Lib\site-packages\django\template\loader_tags.py", line 295, in do_extends
    nodelist = parser.parse()
  File "C:\Users\igorm\Documents\projetos\site-cecilie\venv\Lib\site-packages\django\template\base.py", line 518, in parse
    raise self.error(token, e)
  File "C:\Users\igorm\Documents\projetos\site-cecilie\venv\Lib\site-packages\django\template\base.py", line 516, in parse
    compiled_result = compile_func(self, token)
  File "C:\Users\igorm\Documents\projetos\site-cecilie\venv\Lib\site-packages\django\template\loader_tags.py", line 234, in do_block
    nodelist = parser.parse(("endblock",))
  File "C:\Users\igorm\Documents\projetos\site-cecilie\venv\Lib\site-packages\django\template\base.py", line 518, in parse
    raise self.error(token, e)
  File "C:\Users\igorm\Documents\projetos\site-cecilie\venv\Lib\site-packages\django\template\base.py", line 516, in parse
    compiled_result = compile_func(self, token)
  File "C:\Users\igorm\Documents\projetos\site-cecilie\venv\Lib\site-packages\django\template\loader_tags.py", line 295, in do_extends
    nodelist = parser.parse()
  File "C:\Users\igorm\Documents\projetos\site-cecilie\venv\Lib\site-packages\django\template\base.py", line 518, in parse
    raise self.error(token, e)
  File "C:\Users\igorm\Documents\projetos\site-cecilie\venv\Lib\site-packages\django\template\base.py", line 516, in parse
    compiled_result = compile_func(self, token)
  File "C:\Users\igorm\Documents\projetos\site-cecilie\venv\Lib\site-packages\django\template\loader_tags.py", line 228, in do_block
    raise TemplateSyntaxError(
        "'%s' tag with name '%s' appears more than once" % (bits[0], block_name)
    )
django.template.exceptions.TemplateSyntaxError: 'block' tag with name ''content'' appears more than once
2025-02-18 01:28:05,481 - DEBUG - https://api.mercadopago.com:443 "POST /checkout/preferences HTTP/1.1" 201 820
2025-02-18 01:28:05,520 - ERROR - Internal Server Error: /carrinho/
Traceback (most recent call last):
  File "C:\Users\igorm\Documents\projetos\site-cecilie\venv\Lib\site-packages\django\core\handlers\exception.py", line 55, in inner
    response = get_response(request)
  File "C:\Users\igorm\Documents\projetos\site-cecilie\venv\Lib\site-packages\django\core\handlers\base.py", line 197, in _get_response
    response = wrapped_callback(request, *callback_args, **callback_kwargs)
  File "C:\Users\igorm\Documents\projetos\site-cecilie\venv\Lib\site-packages\django\contrib\auth\decorators.py", line 60, in _view_wrapper
    return view_func(request, *args, **kwargs)
  File "C:\Users\igorm\Documents\projetos\site-cecilie\carrinho\views.py", line 69, in pagina_carrinho
    return render(request, 'cart.html', context)
  File "C:\Users\igorm\Documents\projetos\site-cecilie\venv\Lib\site-packages\django\shortcuts.py", line 25, in render
    content = loader.render_to_string(template_name, context, request, using=using)
  File "C:\Users\igorm\Documents\projetos\site-cecilie\venv\Lib\site-packages\django\template\loader.py", line 61, in render_to_string
    template = get_template(template_name, using=using)
  File "C:\Users\igorm\Documents\projetos\site-cecilie\venv\Lib\site-packages\django\template\loader.py", line 15, in get_template
    return engine.get_template(template_name)
           ~~~~~~~~~~~~~~~~~~~^^^^^^^^^^^^^^^
  File "C:\Users\igorm\Documents\projetos\site-cecilie\venv\Lib\site-packages\django\template\backends\django.py", line 79, in get_template
    return Template(self.engine.get_template(template_name), self)
                    ~~~~~~~~~~~~~~~~~~~~~~~~^^^^^^^^^^^^^^^
  File "C:\Users\igorm\Documents\projetos\site-cecilie\venv\Lib\site-packages\django\template\engine.py", line 177, in get_template
    template, origin = self.find_template(template_name)
                       ~~~~~~~~~~~~~~~~~~^^^^^^^^^^^^^^^
  File "C:\Users\igorm\Documents\projetos\site-cecilie\venv\Lib\site-packages\django\template\engine.py", line 159, in find_template
    template = loader.get_template(name, skip=skip)
  File "C:\Users\igorm\Documents\projetos\site-cecilie\venv\Lib\site-packages\django\template\loaders\cached.py", line 57, in get_template
    template = super().get_template(template_name, skip)
  File "C:\Users\igorm\Documents\projetos\site-cecilie\venv\Lib\site-packages\django\template\loaders\base.py", line 28, in get_template
    return Template(
        contents,
    ...<2 lines>...
        self.engine,
    )
  File "C:\Users\igorm\Documents\projetos\site-cecilie\venv\Lib\site-packages\django\template\base.py", line 154, in __init__
    self.nodelist = self.compile_nodelist()
                    ~~~~~~~~~~~~~~~~~~~~~^^
  File "C:\Users\igorm\Documents\projetos\site-cecilie\venv\Lib\site-packages\django\template\base.py", line 196, in compile_nodelist
    nodelist = parser.parse()
  File "C:\Users\igorm\Documents\projetos\site-cecilie\venv\Lib\site-packages\django\template\base.py", line 518, in parse
    raise self.error(token, e)
  File "C:\Users\igorm\Documents\projetos\site-cecilie\venv\Lib\site-packages\django\template\base.py", line 516, in parse
    compiled_result = compile_func(self, token)
  File "C:\Users\igorm\Documents\projetos\site-cecilie\venv\Lib\site-packages\django\template\loader_tags.py", line 295, in do_extends
    nodelist = parser.parse()
  File "C:\Users\igorm\Documents\projetos\site-cecilie\venv\Lib\site-packages\django\template\base.py", line 518, in parse
    raise self.error(token, e)
  File "C:\Users\igorm\Documents\projetos\site-cecilie\venv\Lib\site-packages\django\template\base.py", line 516, in parse
    compiled_result = compile_func(self, token)
  File "C:\Users\igorm\Documents\projetos\site-cecilie\venv\Lib\site-packages\django\template\loader_tags.py", line 234, in do_block
    nodelist = parser.parse(("endblock",))
  File "C:\Users\igorm\Documents\projetos\site-cecilie\venv\Lib\site-packages\django\template\base.py", line 518, in parse
    raise self.error(token, e)
  File "C:\Users\igorm\Documents\projetos\site-cecilie\venv\Lib\site-packages\django\template\base.py", line 516, in parse
    compiled_result = compile_func(self, token)
  File "C:\Users\igorm\Documents\projetos\site-cecilie\venv\Lib\site-packages\django\template\loader_tags.py", line 295, in do_extends
    nodelist = parser.parse()
  File "C:\Users\igorm\Documents\projetos\site-cecilie\venv\Lib\site-packages\django\template\base.py", line 518, in parse
    raise self.error(token, e)
  File "C:\Users\igorm\Documents\projetos\site-cecilie\venv\Lib\site-packages\django\template\base.py", line 516, in parse
    compiled_result = compile_func(self, token)
  File "C:\Users\igorm\Documents\projetos\site-cecilie\venv\Lib\site-packages\django\template\loader_tags.py", line 228, in do_block
    raise TemplateSyntaxError(
        "'%s' tag with name '%s' appears more than once" % (bits[0], block_name)
    )
django.template.exceptions.TemplateSyntaxError: 'block' tag with name ''content'' appears more than once
2025-02-18 01:28:05,610 - DEBUG - https://api.mercadopago.com:443 "POST /checkout/preferences HTTP/1.1" 201 820
2025-02-18 01:28:05,650 - ERROR - Internal Server Error: /carrinho/
Traceback (most recent call last):
  File "C:\Users\igorm\Documents\projetos\site-cecilie\venv\Lib\site-packages\django\core\handlers\exception.py", line 55, in inner
    response = get_response(request)
  File "C:\Users\igorm\Documents\projetos\site-cecilie\venv\Lib\site-packages\django\core\handlers\base.py", line 197, in _get_response
    response = wrapped_callback(request, *callback_args, **callback_kwargs)
  File "C:\Users\igorm\Documents\projetos\site-cecilie\venv\Lib\site-packages\django\contrib\auth\decorators.py", line 60, in _view_wrapper
    return view_func(request, *args, **kwargs)
  File "C:\Users\igorm\Documents\projetos\site-cecilie\carrinho\views.py", line 69, in pagina_carrinho
    return render(request, 'cart.html', context)
  File "C:\Users\igorm\Documents\projetos\site-cecilie\venv\Lib\site-packages\django\shortcuts.py", line 25, in render
    content = loader.render_to_string(template_name, context, request, using=using)
  File "C:\Users\igorm\Documents\projetos\site-cecilie\venv\Lib\site-packages\django\template\loader.py", line 61, in render_to_string
    template = get_template(template_name, using=using)
  File "C:\Users\igorm\Documents\projetos\site-cecilie\venv\Lib\site-packages\django\template\loader.py", line 15, in get_template
    return engine.get_template(template_name)
           ~~~~~~~~~~~~~~~~~~~^^^^^^^^^^^^^^^
  File "C:\Users\igorm\Documents\projetos\site-cecilie\venv\Lib\site-packages\django\template\backends\django.py", line 79, in get_template
    return Template(self.engine.get_template(template_name), self)
                    ~~~~~~~~~~~~~~~~~~~~~~~~^^^^^^^^^^^^^^^
  File "C:\Users\igorm\Documents\projetos\site-cecilie\venv\Lib\site-packages\django\template\engine.py", line 177, in get_template
    template, origin = self.find_template(template_name)
                       ~~~~~~~~~~~~~~~~~~^^^^^^^^^^^^^^^
  File "C:\Users\igorm\Documents\projetos\site-cecilie\venv\Lib\site-packages\django\template\engine.py", line 159, in find_template
    template = loader.get_template(name, skip=skip)
  File "C:\Users\igorm\Documents\projetos\site-cecilie\venv\Lib\site-packages\django\template\loaders\cached.py", line 57, in get_template
    template = super().get_template(template_name, skip)
  File "C:\Users\igorm\Documents\projetos\site-cecilie\venv\Lib\site-packages\django\template\loaders\base.py", line 28, in get_template
    return Template(
        contents,
    ...<2 lines>...
        self.engine,
    )
  File "C:\Users\igorm\Documents\projetos\site-cecilie\venv\Lib\site-packages\django\template\base.py", line 154, in __init__
    self.nodelist = self.compile_nodelist()
                    ~~~~~~~~~~~~~~~~~~~~~^^
  File "C:\Users\igorm\Documents\projetos\site-cecilie\venv\Lib\site-packages\django\template\base.py", line 196, in compile_nodelist
    nodelist = parser.parse()
  File "C:\Users\igorm\Documents\projetos\site-cecilie\venv\Lib\site-packages\django\template\base.py", line 518, in parse
    raise self.error(token, e)
  File "C:\Users\igorm\Documents\projetos\site-cecilie\venv\Lib\site-packages\django\template\base.py", line 516, in parse
    compiled_result = compile_func(self, token)
  File "C:\Users\igorm\Documents\projetos\site-cecilie\venv\Lib\site-packages\django\template\loader_tags.py", line 295, in do_extends
    nodelist = parser.parse()
  File "C:\Users\igorm\Documents\projetos\site-cecilie\venv\Lib\site-packages\django\template\base.py", line 518, in parse
    raise self.error(token, e)
  File "C:\Users\igorm\Documents\projetos\site-cecilie\venv\Lib\site-packages\django\template\base.py", line 516, in parse
    compiled_result = compile_func(self, token)
  File "C:\Users\igorm\Documents\projetos\site-cecilie\venv\Lib\site-packages\django\template\loader_tags.py", line 234, in do_block
    nodelist = parser.parse(("endblock",))
  File "C:\Users\igorm\Documents\projetos\site-cecilie\venv\Lib\site-packages\django\template\base.py", line 518, in parse
    raise self.error(token, e)
  File "C:\Users\igorm\Documents\projetos\site-cecilie\venv\Lib\site-packages\django\template\base.py", line 516, in parse
    compiled_result = compile_func(self, token)
  File "C:\Users\igorm\Documents\projetos\site-cecilie\venv\Lib\site-packages\django\template\loader_tags.py", line 295, in do_extends
    nodelist = parser.parse()
  File "C:\Users\igorm\Documents\projetos\site-cecilie\venv\Lib\site-packages\django\template\base.py", line 518, in parse
    raise self.error(token, e)
  File "C:\Users\igorm\Documents\projetos\site-cecilie\venv\Lib\site-packages\django\template\base.py", line 516, in parse
    compiled_result = compile_func(self, token)
  File "C:\Users\igorm\Documents\projetos\site-cecilie\venv\Lib\site-packages\django\template\loader_tags.py", line 228, in do_block
    raise TemplateSyntaxError(
        "'%s' tag with name '%s' appears more than once" % (bits[0], block_name)
    )
django.template.exceptions.TemplateSyntaxError: 'block' tag with name ''content'' appears more than once
2025-02-18 01:28:10,605 - DEBUG - Starting new HTTPS connection (1): api.mercadopago.com:443
2025-02-18 01:28:11,071 - DEBUG - Starting new HTTPS connection (1): api.mercadopago.com:443
2025-02-18 01:28:11,077 - DEBUG - https://api.mercadopago.com:443 "POST /checkout/preferences HTTP/1.1" 201 820
2025-02-18 01:28:11,504 - DEBUG - https://api.mercadopago.com:443 "POST /checkout/preferences HTTP/1.1" 201 820
2025-02-18 01:28:28,459 - DEBUG - Starting new HTTPS connection (1): api.mercadopago.com:443
2025-02-18 01:28:28,979 - DEBUG - https://api.mercadopago.com:443 "POST /checkout/preferences HTTP/1.1" 201 821
2025-02-18 01:28:31,340 - DEBUG - Starting new HTTPS connection (1): api.mercadopago.com:443
2025-02-18 01:28:31,758 - DEBUG - https://api.mercadopago.com:443 "POST /checkout/preferences HTTP/1.1" 201 822
2025-02-18 01:28:35,224 - ERROR - Internal Server Error: /cadastrar-evento/
Traceback (most recent call last):
  File "C:\Users\igorm\Documents\projetos\site-cecilie\venv\Lib\site-packages\django\core\handlers\exception.py", line 55, in inner
    response = get_response(request)
  File "C:\Users\igorm\Documents\projetos\site-cecilie\venv\Lib\site-packages\django\core\handlers\base.py", line 197, in _get_response
    response = wrapped_callback(request, *callback_args, **callback_kwargs)
  File "C:\Users\igorm\Documents\projetos\site-cecilie\venv\Lib\site-packages\django\views\generic\base.py", line 104, in view
    return self.dispatch(request, *args, **kwargs)
           ~~~~~~~~~~~~~^^^^^^^^^^^^^^^^^^^^^^^^^^
  File "C:\Users\igorm\Documents\projetos\site-cecilie\venv\Lib\site-packages\django\views\generic\base.py", line 143, in dispatch
    return handler(request, *args, **kwargs)
  File "C:\Users\igorm\Documents\projetos\site-cecilie\authentication\views.py", line 106, in get
    return render(request, self.template_name, context)
  File "C:\Users\igorm\Documents\projetos\site-cecilie\venv\Lib\site-packages\django\shortcuts.py", line 25, in render
    content = loader.render_to_string(template_name, context, request, using=using)
  File "C:\Users\igorm\Documents\projetos\site-cecilie\venv\Lib\site-packages\django\template\loader.py", line 61, in render_to_string
    template = get_template(template_name, using=using)
  File "C:\Users\igorm\Documents\projetos\site-cecilie\venv\Lib\site-packages\django\template\loader.py", line 19, in get_template
    raise TemplateDoesNotExist(template_name, chain=chain)
django.template.exceptions.TemplateDoesNotExist: evento.html
2025-02-18 01:28:59,797 - DEBUG - Starting new HTTPS connection (1): api.mercadopago.com:443
2025-02-18 01:29:00,108 - DEBUG - Starting new HTTPS connection (1): api.mercadopago.com:443
2025-02-18 01:29:00,295 - DEBUG - https://api.mercadopago.com:443 "POST /checkout/preferences HTTP/1.1" 201 820
2025-02-18 01:29:00,354 - DEBUG - Starting new HTTPS connection (1): api.mercadopago.com:443
2025-02-18 01:29:00,517 - DEBUG - https://api.mercadopago.com:443 "POST /checkout/preferences HTTP/1.1" 201 820
2025-02-18 01:29:00,774 - DEBUG - Starting new HTTPS connection (1): api.mercadopago.com:443
2025-02-18 01:29:00,776 - DEBUG - https://api.mercadopago.com:443 "POST /checkout/preferences HTTP/1.1" 201 819
2025-02-18 01:29:01,203 - DEBUG - https://api.mercadopago.com:443 "POST /checkout/preferences HTTP/1.1" 201 820
2025-02-18 01:29:01,246 - DEBUG - Starting new HTTPS connection (1): api.mercadopago.com:443
2025-02-18 01:29:01,679 - DEBUG - https://api.mercadopago.com:443 "POST /checkout/preferences HTTP/1.1" 201 819
2025-02-18 01:29:27,938 - DEBUG - Starting new HTTPS connection (1): api.mercadopago.com:443
2025-02-18 01:29:28,294 - DEBUG - Starting new HTTPS connection (1): api.mercadopago.com:443
2025-02-18 01:29:28,407 - DEBUG - https://api.mercadopago.com:443 "POST /checkout/preferences HTTP/1.1" 201 820
2025-02-18 01:29:28,655 - DEBUG - Starting new HTTPS connection (1): api.mercadopago.com:443
2025-02-18 01:29:28,713 - DEBUG - https://api.mercadopago.com:443 "POST /checkout/preferences HTTP/1.1" 201 820
2025-02-18 01:29:29,116 - DEBUG - Starting new HTTPS connection (1): api.mercadopago.com:443
2025-02-18 01:29:29,173 - DEBUG - https://api.mercadopago.com:443 "POST /checkout/preferences HTTP/1.1" 201 819
2025-02-18 01:29:29,781 - DEBUG - https://api.mercadopago.com:443 "POST /checkout/preferences HTTP/1.1" 201 819
2025-02-18 01:30:00,553 - DEBUG - Starting new HTTPS connection (1): api.mercadopago.com:443
2025-02-18 01:30:01,044 - DEBUG - https://api.mercadopago.com:443 "POST /checkout/preferences HTTP/1.1" 201 818
2025-02-18 01:30:01,597 - DEBUG - Starting new HTTPS connection (1): api.mercadopago.com:443
2025-02-18 01:30:02,021 - DEBUG - https://api.mercadopago.com:443 "POST /checkout/preferences HTTP/1.1" 201 819
2025-02-18 01:30:13,422 - DEBUG - Starting new HTTPS connection (1): api.mercadopago.com:443
2025-02-18 01:30:13,836 - DEBUG - Starting new HTTPS connection (1): api.mercadopago.com:443
2025-02-18 01:30:13,867 - DEBUG - https://api.mercadopago.com:443 "POST /checkout/preferences HTTP/1.1" 201 819
2025-02-18 01:30:14,241 - DEBUG - Starting new HTTPS connection (1): api.mercadopago.com:443
2025-02-18 01:30:14,261 - DEBUG - https://api.mercadopago.com:443 "POST /checkout/preferences HTTP/1.1" 201 819
2025-02-18 01:30:14,666 - DEBUG - https://api.mercadopago.com:443 "POST /checkout/preferences HTTP/1.1" 201 818
2025-02-18 01:30:56,185 - DEBUG - Starting new HTTPS connection (1): api.mercadopago.com:443
2025-02-18 01:30:56,455 - DEBUG - Starting new HTTPS connection (1): api.mercadopago.com:443
2025-02-18 01:30:56,670 - DEBUG - Starting new HTTPS connection (1): api.mercadopago.com:443
2025-02-18 01:30:56,750 - DEBUG - https://api.mercadopago.com:443 "POST /checkout/preferences HTTP/1.1" 201 820
2025-02-18 01:30:56,877 - DEBUG - https://api.mercadopago.com:443 "POST /checkout/preferences HTTP/1.1" 201 819
2025-02-18 01:30:57,110 - DEBUG - https://api.mercadopago.com:443 "POST /checkout/preferences HTTP/1.1" 201 820
2025-02-18 01:30:57,148 - WARNING - Not Found: /carrinho/img/payment.png
2025-02-18 01:31:59,064 - DEBUG - Starting new HTTPS connection (1): api.mercadopago.com:443
2025-02-18 01:31:59,650 - DEBUG - https://api.mercadopago.com:443 "POST /checkout/preferences HTTP/1.1" 201 820
2025-02-18 01:31:59,684 - WARNING - Not Found: /carrinho/img/payment.png
2025-02-18 01:32:26,170 - DEBUG - Starting new HTTPS connection (1): api.mercadopago.com:443
2025-02-18 01:32:26,612 - DEBUG - https://api.mercadopago.com:443 "POST /checkout/preferences HTTP/1.1" 201 819
2025-02-18 01:32:48,607 - DEBUG - Starting new HTTPS connection (1): api.mercadopago.com:443
2025-02-18 01:32:49,083 - DEBUG - https://api.mercadopago.com:443 "POST /checkout/preferences HTTP/1.1" 201 821
2025-02-18 01:32:49,871 - DEBUG - Starting new HTTPS connection (1): api.mercadopago.com:443
2025-02-18 01:32:50,339 - DEBUG - https://api.mercadopago.com:443 "POST /checkout/preferences HTTP/1.1" 201 820
2025-02-18 01:32:50,649 - DEBUG - Starting new HTTPS connection (1): api.mercadopago.com:443
2025-02-18 01:32:51,075 - DEBUG - https://api.mercadopago.com:443 "POST /checkout/preferences HTTP/1.1" 201 819
2025-02-18 01:33:10,756 - DEBUG - Starting new HTTPS connection (1): api.mercadopago.com:443
2025-02-18 01:33:11,280 - DEBUG - https://api.mercadopago.com:443 "POST /checkout/preferences HTTP/1.1" 201 821
2025-02-18 01:33:25,132 - DEBUG - Starting new HTTPS connection (1): api.mercadopago.com:443
2025-02-18 01:33:25,374 - DEBUG - Starting new HTTPS connection (1): api.mercadopago.com:443
2025-02-18 01:33:25,548 - DEBUG - Starting new HTTPS connection (1): api.mercadopago.com:443
2025-02-18 01:33:25,623 - DEBUG - https://api.mercadopago.com:443 "POST /checkout/preferences HTTP/1.1" 201 820
2025-02-18 01:33:25,715 - DEBUG - Starting new HTTPS connection (1): api.mercadopago.com:443
2025-02-18 01:33:25,808 - DEBUG - https://api.mercadopago.com:443 "POST /checkout/preferences HTTP/1.1" 201 819
2025-02-18 01:33:25,966 - DEBUG - https://api.mercadopago.com:443 "POST /checkout/preferences HTTP/1.1" 201 820
2025-02-18 01:33:26,136 - DEBUG - https://api.mercadopago.com:443 "POST /checkout/preferences HTTP/1.1" 201 820
2025-02-18 01:33:26,657 - DEBUG - Starting new HTTPS connection (1): api.mercadopago.com:443
2025-02-18 01:33:26,863 - DEBUG - Starting new HTTPS connection (1): api.mercadopago.com:443
2025-02-18 01:33:27,071 - DEBUG - https://api.mercadopago.com:443 "POST /checkout/preferences HTTP/1.1" 201 819
2025-02-18 01:33:27,289 - DEBUG - https://api.mercadopago.com:443 "POST /checkout/preferences HTTP/1.1" 201 819
2025-02-18 01:33:27,586 - DEBUG - Starting new HTTPS connection (1): api.mercadopago.com:443
2025-02-18 01:33:27,790 - DEBUG - Starting new HTTPS connection (1): api.mercadopago.com:443
2025-02-18 01:33:28,009 - DEBUG - https://api.mercadopago.com:443 "POST /checkout/preferences HTTP/1.1" 201 820
2025-02-18 01:33:28,237 - DEBUG - https://api.mercadopago.com:443 "POST /checkout/preferences HTTP/1.1" 201 821
2025-02-18 01:33:29,563 - DEBUG - Starting new HTTPS connection (1): api.mercadopago.com:443
2025-02-18 01:33:30,008 - DEBUG - https://api.mercadopago.com:443 "POST /checkout/preferences HTTP/1.1" 201 821
2025-02-18 01:33:33,506 - ERROR - Internal Server Error: /cadastrar-evento/
Traceback (most recent call last):
  File "C:\Users\igorm\Documents\projetos\site-cecilie\venv\Lib\site-packages\django\core\handlers\exception.py", line 55, in inner
    response = get_response(request)
  File "C:\Users\igorm\Documents\projetos\site-cecilie\venv\Lib\site-packages\django\core\handlers\base.py", line 197, in _get_response
    response = wrapped_callback(request, *callback_args, **callback_kwargs)
  File "C:\Users\igorm\Documents\projetos\site-cecilie\venv\Lib\site-packages\django\views\generic\base.py", line 104, in view
    return self.dispatch(request, *args, **kwargs)
           ~~~~~~~~~~~~~^^^^^^^^^^^^^^^^^^^^^^^^^^
  File "C:\Users\igorm\Documents\projetos\site-cecilie\venv\Lib\site-packages\django\views\generic\base.py", line 143, in dispatch
    return handler(request, *args, **kwargs)
  File "C:\Users\igorm\Documents\projetos\site-cecilie\authentication\views.py", line 106, in get
    return render(request, self.template_name, context)
  File "C:\Users\igorm\Documents\projetos\site-cecilie\venv\Lib\site-packages\django\shortcuts.py", line 25, in render
    content = loader.render_to_string(template_name, context, request, using=using)
  File "C:\Users\igorm\Documents\projetos\site-cecilie\venv\Lib\site-packages\django\template\loader.py", line 61, in render_to_string
    template = get_template(template_name, using=using)
  File "C:\Users\igorm\Documents\projetos\site-cecilie\venv\Lib\site-packages\django\template\loader.py", line 19, in get_template
    raise TemplateDoesNotExist(template_name, chain=chain)
django.template.exceptions.TemplateDoesNotExist: evento.html
2025-02-18 01:34:05,188 - ERROR - Internal Server Error: /cadastrar-evento/
Traceback (most recent call last):
  File "C:\Users\igorm\Documents\projetos\site-cecilie\venv\Lib\site-packages\django\core\handlers\exception.py", line 55, in inner
    response = get_response(request)
  File "C:\Users\igorm\Documents\projetos\site-cecilie\venv\Lib\site-packages\django\core\handlers\base.py", line 197, in _get_response
    response = wrapped_callback(request, *callback_args, **callback_kwargs)
  File "C:\Users\igorm\Documents\projetos\site-cecilie\venv\Lib\site-packages\django\views\generic\base.py", line 104, in view
    return self.dispatch(request, *args, **kwargs)
           ~~~~~~~~~~~~~^^^^^^^^^^^^^^^^^^^^^^^^^^
  File "C:\Users\igorm\Documents\projetos\site-cecilie\venv\Lib\site-packages\django\views\generic\base.py", line 143, in dispatch
    return handler(request, *args, **kwargs)
  File "C:\Users\igorm\Documents\projetos\site-cecilie\authentication\views.py", line 106, in get
    return render(request, self.template_name, context)
  File "C:\Users\igorm\Documents\projetos\site-cecilie\venv\Lib\site-packages\django\shortcuts.py", line 25, in render
    content = loader.render_to_string(template_name, context, request, using=using)
  File "C:\Users\igorm\Documents\projetos\site-cecilie\venv\Lib\site-packages\django\template\loader.py", line 61, in render_to_string
    template = get_template(template_name, using=using)
  File "C:\Users\igorm\Documents\projetos\site-cecilie\venv\Lib\site-packages\django\template\loader.py", line 19, in get_template
    raise TemplateDoesNotExist(template_name, chain=chain)
django.template.exceptions.TemplateDoesNotExist: evento.html
2025-02-18 01:34:05,737 - ERROR - Internal Server Error: /cadastrar-evento/
Traceback (most recent call last):
  File "C:\Users\igorm\Documents\projetos\site-cecilie\venv\Lib\site-packages\django\core\handlers\exception.py", line 55, in inner
    response = get_response(request)
  File "C:\Users\igorm\Documents\projetos\site-cecilie\venv\Lib\site-packages\django\core\handlers\base.py", line 197, in _get_response
    response = wrapped_callback(request, *callback_args, **callback_kwargs)
  File "C:\Users\igorm\Documents\projetos\site-cecilie\venv\Lib\site-packages\django\views\generic\base.py", line 104, in view
    return self.dispatch(request, *args, **kwargs)
           ~~~~~~~~~~~~~^^^^^^^^^^^^^^^^^^^^^^^^^^
  File "C:\Users\igorm\Documents\projetos\site-cecilie\venv\Lib\site-packages\django\views\generic\base.py", line 143, in dispatch
    return handler(request, *args, **kwargs)
  File "C:\Users\igorm\Documents\projetos\site-cecilie\authentication\views.py", line 106, in get
    return render(request, self.template_name, context)
  File "C:\Users\igorm\Documents\projetos\site-cecilie\venv\Lib\site-packages\django\shortcuts.py", line 25, in render
    content = loader.render_to_string(template_name, context, request, using=using)
  File "C:\Users\igorm\Documents\projetos\site-cecilie\venv\Lib\site-packages\django\template\loader.py", line 61, in render_to_string
    template = get_template(template_name, using=using)
  File "C:\Users\igorm\Documents\projetos\site-cecilie\venv\Lib\site-packages\django\template\loader.py", line 19, in get_template
    raise TemplateDoesNotExist(template_name, chain=chain)
django.template.exceptions.TemplateDoesNotExist: evento.html
2025-02-18 01:34:06,213 - ERROR - Internal Server Error: /cadastrar-evento/
Traceback (most recent call last):
  File "C:\Users\igorm\Documents\projetos\site-cecilie\venv\Lib\site-packages\django\core\handlers\exception.py", line 55, in inner
    response = get_response(request)
  File "C:\Users\igorm\Documents\projetos\site-cecilie\venv\Lib\site-packages\django\core\handlers\base.py", line 197, in _get_response
    response = wrapped_callback(request, *callback_args, **callback_kwargs)
  File "C:\Users\igorm\Documents\projetos\site-cecilie\venv\Lib\site-packages\django\views\generic\base.py", line 104, in view
    return self.dispatch(request, *args, **kwargs)
           ~~~~~~~~~~~~~^^^^^^^^^^^^^^^^^^^^^^^^^^
  File "C:\Users\igorm\Documents\projetos\site-cecilie\venv\Lib\site-packages\django\views\generic\base.py", line 143, in dispatch
    return handler(request, *args, **kwargs)
  File "C:\Users\igorm\Documents\projetos\site-cecilie\authentication\views.py", line 106, in get
    return render(request, self.template_name, context)
  File "C:\Users\igorm\Documents\projetos\site-cecilie\venv\Lib\site-packages\django\shortcuts.py", line 25, in render
    content = loader.render_to_string(template_name, context, request, using=using)
  File "C:\Users\igorm\Documents\projetos\site-cecilie\venv\Lib\site-packages\django\template\loader.py", line 61, in render_to_string
    template = get_template(template_name, using=using)
  File "C:\Users\igorm\Documents\projetos\site-cecilie\venv\Lib\site-packages\django\template\loader.py", line 19, in get_template
    raise TemplateDoesNotExist(template_name, chain=chain)
django.template.exceptions.TemplateDoesNotExist: evento.html
2025-02-18 01:34:06,427 - ERROR - Internal Server Error: /cadastrar-evento/
Traceback (most recent call last):
  File "C:\Users\igorm\Documents\projetos\site-cecilie\venv\Lib\site-packages\django\core\handlers\exception.py", line 55, in inner
    response = get_response(request)
  File "C:\Users\igorm\Documents\projetos\site-cecilie\venv\Lib\site-packages\django\core\handlers\base.py", line 197, in _get_response
    response = wrapped_callback(request, *callback_args, **callback_kwargs)
  File "C:\Users\igorm\Documents\projetos\site-cecilie\venv\Lib\site-packages\django\views\generic\base.py", line 104, in view
    return self.dispatch(request, *args, **kwargs)
           ~~~~~~~~~~~~~^^^^^^^^^^^^^^^^^^^^^^^^^^
  File "C:\Users\igorm\Documents\projetos\site-cecilie\venv\Lib\site-packages\django\views\generic\base.py", line 143, in dispatch
    return handler(request, *args, **kwargs)
  File "C:\Users\igorm\Documents\projetos\site-cecilie\authentication\views.py", line 106, in get
    return render(request, self.template_name, context)
  File "C:\Users\igorm\Documents\projetos\site-cecilie\venv\Lib\site-packages\django\shortcuts.py", line 25, in render
    content = loader.render_to_string(template_name, context, request, using=using)
  File "C:\Users\igorm\Documents\projetos\site-cecilie\venv\Lib\site-packages\django\template\loader.py", line 61, in render_to_string
    template = get_template(template_name, using=using)
  File "C:\Users\igorm\Documents\projetos\site-cecilie\venv\Lib\site-packages\django\template\loader.py", line 19, in get_template
    raise TemplateDoesNotExist(template_name, chain=chain)
django.template.exceptions.TemplateDoesNotExist: evento.html
2025-02-18 01:34:06,579 - ERROR - Internal Server Error: /cadastrar-evento/
Traceback (most recent call last):
  File "C:\Users\igorm\Documents\projetos\site-cecilie\venv\Lib\site-packages\django\core\handlers\exception.py", line 55, in inner
    response = get_response(request)
  File "C:\Users\igorm\Documents\projetos\site-cecilie\venv\Lib\site-packages\django\core\handlers\base.py", line 197, in _get_response
    response = wrapped_callback(request, *callback_args, **callback_kwargs)
  File "C:\Users\igorm\Documents\projetos\site-cecilie\venv\Lib\site-packages\django\views\generic\base.py", line 104, in view
    return self.dispatch(request, *args, **kwargs)
           ~~~~~~~~~~~~~^^^^^^^^^^^^^^^^^^^^^^^^^^
  File "C:\Users\igorm\Documents\projetos\site-cecilie\venv\Lib\site-packages\django\views\generic\base.py", line 143, in dispatch
    return handler(request, *args, **kwargs)
  File "C:\Users\igorm\Documents\projetos\site-cecilie\authentication\views.py", line 106, in get
    return render(request, self.template_name, context)
  File "C:\Users\igorm\Documents\projetos\site-cecilie\venv\Lib\site-packages\django\shortcuts.py", line 25, in render
    content = loader.render_to_string(template_name, context, request, using=using)
  File "C:\Users\igorm\Documents\projetos\site-cecilie\venv\Lib\site-packages\django\template\loader.py", line 61, in render_to_string
    template = get_template(template_name, using=using)
  File "C:\Users\igorm\Documents\projetos\site-cecilie\venv\Lib\site-packages\django\template\loader.py", line 19, in get_template
    raise TemplateDoesNotExist(template_name, chain=chain)
django.template.exceptions.TemplateDoesNotExist: evento.html
2025-02-18 01:34:06,748 - ERROR - Internal Server Error: /cadastrar-evento/
Traceback (most recent call last):
  File "C:\Users\igorm\Documents\projetos\site-cecilie\venv\Lib\site-packages\django\core\handlers\exception.py", line 55, in inner
    response = get_response(request)
  File "C:\Users\igorm\Documents\projetos\site-cecilie\venv\Lib\site-packages\django\core\handlers\base.py", line 197, in _get_response
    response = wrapped_callback(request, *callback_args, **callback_kwargs)
  File "C:\Users\igorm\Documents\projetos\site-cecilie\venv\Lib\site-packages\django\views\generic\base.py", line 104, in view
    return self.dispatch(request, *args, **kwargs)
           ~~~~~~~~~~~~~^^^^^^^^^^^^^^^^^^^^^^^^^^
  File "C:\Users\igorm\Documents\projetos\site-cecilie\venv\Lib\site-packages\django\views\generic\base.py", line 143, in dispatch
    return handler(request, *args, **kwargs)
  File "C:\Users\igorm\Documents\projetos\site-cecilie\authentication\views.py", line 106, in get
    return render(request, self.template_name, context)
  File "C:\Users\igorm\Documents\projetos\site-cecilie\venv\Lib\site-packages\django\shortcuts.py", line 25, in render
    content = loader.render_to_string(template_name, context, request, using=using)
  File "C:\Users\igorm\Documents\projetos\site-cecilie\venv\Lib\site-packages\django\template\loader.py", line 61, in render_to_string
    template = get_template(template_name, using=using)
  File "C:\Users\igorm\Documents\projetos\site-cecilie\venv\Lib\site-packages\django\template\loader.py", line 19, in get_template
    raise TemplateDoesNotExist(template_name, chain=chain)
django.template.exceptions.TemplateDoesNotExist: evento.html
2025-02-18 01:37:27,219 - DEBUG - Starting new HTTPS connection (1): api.mercadopago.com:443
2025-02-18 01:37:27,777 - DEBUG - https://api.mercadopago.com:443 "POST /checkout/preferences HTTP/1.1" 201 819
2025-02-18 01:41:37,392 - WARNING - Not Found: /favicon.ico
2025-02-18 01:47:55,833 - WARNING - Not Found: /favicon.ico
2025-02-18 01:47:56,300 - WARNING - Not Found: /favicon.ico
2025-02-18 02:00:18,522 - WARNING - Not Found: /produtos/img/payment.png
2025-02-18 02:00:46,466 - WARNING - Not Found: /cadastrar-evento/static/lib/wow/wow.min.js
2025-02-18 02:00:46,477 - WARNING - Not Found: /cadastrar-evento/static/lib/easing/easing.min.js
2025-02-18 02:00:46,483 - WARNING - Not Found: /cadastrar-evento/static/lib/waypoints/waypoints.min.js
2025-02-18 02:00:46,489 - WARNING - Not Found: /cadastrar-evento/static/lib/counterup/counterup.min.js
2025-02-18 02:00:46,499 - WARNING - Not Found: /cadastrar-evento/static/lib/tempusdominus/js/moment-timezone.min.js
2025-02-18 02:00:46,506 - WARNING - Not Found: /cadastrar-evento/static/lib/owlcarousel/owl.carousel.min.js
2025-02-18 02:00:46,514 - WARNING - Not Found: /cadastrar-evento/static/lib/tempusdominus/js/moment.min.js
2025-02-18 02:00:46,520 - WARNING - Not Found: /cadastrar-evento/static/lib/tempusdominus/js/tempusdominus-bootstrap-4.min.js
2025-02-18 02:00:46,528 - WARNING - Not Found: /cadastrar-evento/static/js/main.js
2025-02-18 02:00:47,055 - WARNING - Not Found: /cadastrar-evento/static/lib/wow/wow.min.js
2025-02-18 02:00:47,066 - WARNING - Not Found: /cadastrar-evento/static/lib/waypoints/waypoints.min.js
2025-02-18 02:00:47,070 - WARNING - Not Found: /cadastrar-evento/static/lib/counterup/counterup.min.js
2025-02-18 02:00:47,077 - WARNING - Not Found: /cadastrar-evento/static/lib/easing/easing.min.js
2025-02-18 02:00:47,084 - WARNING - Not Found: /cadastrar-evento/static/lib/owlcarousel/owl.carousel.min.js
2025-02-18 02:00:47,092 - WARNING - Not Found: /cadastrar-evento/static/lib/tempusdominus/js/moment.min.js
2025-02-18 02:00:47,098 - WARNING - Not Found: /cadastrar-evento/static/lib/tempusdominus/js/moment-timezone.min.js
2025-02-18 02:00:47,104 - WARNING - Not Found: /cadastrar-evento/static/lib/tempusdominus/js/tempusdominus-bootstrap-4.min.js
2025-02-18 02:00:47,115 - WARNING - Not Found: /cadastrar-evento/static/js/main.js
2025-02-18 02:00:47,436 - WARNING - Not Found: /cadastrar-evento/static/lib/waypoints/waypoints.min.js
2025-02-18 02:00:47,443 - WARNING - Not Found: /cadastrar-evento/static/lib/easing/easing.min.js
2025-02-18 02:00:47,448 - WARNING - Not Found: /cadastrar-evento/static/lib/wow/wow.min.js
2025-02-18 02:00:47,453 - WARNING - Not Found: /cadastrar-evento/static/lib/counterup/counterup.min.js
2025-02-18 02:00:47,463 - WARNING - Not Found: /cadastrar-evento/static/lib/owlcarousel/owl.carousel.min.js
2025-02-18 02:00:47,468 - WARNING - Not Found: /cadastrar-evento/static/lib/tempusdominus/js/moment.min.js
2025-02-18 02:00:47,476 - WARNING - Not Found: /cadastrar-evento/static/lib/tempusdominus/js/moment-timezone.min.js
2025-02-18 02:00:47,482 - WARNING - Not Found: /cadastrar-evento/static/lib/tempusdominus/js/tempusdominus-bootstrap-4.min.js
2025-02-18 02:00:47,488 - WARNING - Not Found: /cadastrar-evento/static/js/main.js
2025-02-18 02:00:48,283 - WARNING - Not Found: /cadastrar-evento/static/lib/wow/wow.min.js
2025-02-18 02:00:48,288 - WARNING - Not Found: /cadastrar-evento/static/lib/easing/easing.min.js
2025-02-18 02:00:48,298 - WARNING - Not Found: /cadastrar-evento/static/lib/counterup/counterup.min.js
2025-02-18 02:00:48,302 - WARNING - Not Found: /cadastrar-evento/static/lib/waypoints/waypoints.min.js
2025-02-18 02:00:48,312 - WARNING - Not Found: /cadastrar-evento/static/lib/tempusdominus/js/moment.min.js
2025-02-18 02:00:48,317 - WARNING - Not Found: /cadastrar-evento/static/lib/owlcarousel/owl.carousel.min.js
2025-02-18 02:00:48,321 - WARNING - Not Found: /cadastrar-evento/static/lib/tempusdominus/js/moment-timezone.min.js
2025-02-18 02:00:48,330 - WARNING - Not Found: /cadastrar-evento/static/lib/tempusdominus/js/tempusdominus-bootstrap-4.min.js
2025-02-18 02:00:48,335 - WARNING - Not Found: /cadastrar-evento/static/js/main.js
2025-02-18 02:00:48,790 - WARNING - Not Found: /cadastrar-evento/static/lib/wow/wow.min.js
2025-02-18 02:00:48,797 - WARNING - Not Found: /cadastrar-evento/static/lib/waypoints/waypoints.min.js
2025-02-18 02:00:48,801 - WARNING - Not Found: /cadastrar-evento/static/lib/counterup/counterup.min.js
2025-02-18 02:00:48,810 - WARNING - Not Found: /cadastrar-evento/static/lib/easing/easing.min.js
2025-02-18 02:00:48,816 - WARNING - Not Found: /cadastrar-evento/static/lib/owlcarousel/owl.carousel.min.js
2025-02-18 02:00:48,822 - WARNING - Not Found: /cadastrar-evento/static/lib/tempusdominus/js/moment.min.js
2025-02-18 02:00:48,828 - WARNING - Not Found: /cadastrar-evento/static/lib/tempusdominus/js/moment-timezone.min.js
2025-02-18 02:00:48,837 - WARNING - Not Found: /cadastrar-evento/static/lib/tempusdominus/js/tempusdominus-bootstrap-4.min.js
2025-02-18 02:00:48,847 - WARNING - Not Found: /cadastrar-evento/static/js/main.js
2025-02-18 02:00:49,328 - WARNING - Not Found: /cadastrar-evento/static/lib/wow/wow.min.js
2025-02-18 02:00:49,334 - WARNING - Not Found: /cadastrar-evento/static/lib/easing/easing.min.js
2025-02-18 02:00:49,341 - WARNING - Not Found: /cadastrar-evento/static/lib/waypoints/waypoints.min.js
2025-02-18 02:00:49,346 - WARNING - Not Found: /cadastrar-evento/static/lib/counterup/counterup.min.js
2025-02-18 02:00:49,351 - WARNING - Not Found: /cadastrar-evento/static/lib/owlcarousel/owl.carousel.min.js
2025-02-18 02:00:49,359 - WARNING - Not Found: /cadastrar-evento/static/lib/tempusdominus/js/moment.min.js
2025-02-18 02:00:49,367 - WARNING - Not Found: /cadastrar-evento/static/lib/tempusdominus/js/moment-timezone.min.js
2025-02-18 02:00:49,373 - WARNING - Not Found: /cadastrar-evento/static/lib/tempusdominus/js/tempusdominus-bootstrap-4.min.js
2025-02-18 02:00:49,382 - WARNING - Not Found: /cadastrar-evento/static/js/main.js
2025-02-18 02:01:10,018 - WARNING - Not Found: /cadastrar-evento/static/lib/easing/easing.min.js
2025-02-18 02:01:10,024 - WARNING - Not Found: /cadastrar-evento/static/lib/wow/wow.min.js
2025-02-18 02:01:10,027 - WARNING - Not Found: /cadastrar-evento/static/lib/waypoints/waypoints.min.js
2025-02-18 02:01:10,036 - WARNING - Not Found: /cadastrar-evento/static/lib/counterup/counterup.min.js
2025-02-18 02:01:10,046 - WARNING - Not Found: /cadastrar-evento/static/lib/owlcarousel/owl.carousel.min.js
2025-02-18 02:01:10,060 - WARNING - Not Found: /cadastrar-evento/static/lib/tempusdominus/js/moment-timezone.min.js
2025-02-18 02:01:10,061 - WARNING - Not Found: /cadastrar-evento/static/lib/tempusdominus/js/moment.min.js
2025-02-18 02:01:10,069 - WARNING - Not Found: /cadastrar-evento/static/lib/tempusdominus/js/tempusdominus-bootstrap-4.min.js
2025-02-18 02:01:10,076 - WARNING - Not Found: /cadastrar-evento/static/js/main.js
2025-02-18 02:01:11,084 - WARNING - Not Found: /cadastrar-evento/static/lib/counterup/counterup.min.js
2025-02-18 02:01:11,091 - WARNING - Not Found: /cadastrar-evento/static/lib/wow/wow.min.js
2025-02-18 02:01:11,095 - WARNING - Not Found: /cadastrar-evento/static/lib/easing/easing.min.js
2025-02-18 02:01:11,102 - WARNING - Not Found: /cadastrar-evento/static/lib/waypoints/waypoints.min.js
2025-02-18 02:01:11,113 - WARNING - Not Found: /cadastrar-evento/static/lib/owlcarousel/owl.carousel.min.js
2025-02-18 02:01:11,121 - WARNING - Not Found: /cadastrar-evento/static/lib/tempusdominus/js/moment.min.js
2025-02-18 02:01:11,127 - WARNING - Not Found: /cadastrar-evento/static/lib/tempusdominus/js/moment-timezone.min.js
2025-02-18 02:01:11,136 - WARNING - Not Found: /cadastrar-evento/static/lib/tempusdominus/js/tempusdominus-bootstrap-4.min.js
2025-02-18 02:01:11,142 - WARNING - Not Found: /cadastrar-evento/static/js/main.js
2025-02-18 02:01:11,534 - WARNING - Not Found: /cadastrar-evento/static/lib/wow/wow.min.js
2025-02-18 02:01:11,541 - WARNING - Not Found: /cadastrar-evento/static/lib/easing/easing.min.js
2025-02-18 02:01:11,550 - WARNING - Not Found: /cadastrar-evento/static/lib/waypoints/waypoints.min.js
2025-02-18 02:01:11,558 - WARNING - Not Found: /cadastrar-evento/static/lib/owlcarousel/owl.carousel.min.js
2025-02-18 02:01:11,564 - WARNING - Not Found: /cadastrar-evento/static/lib/counterup/counterup.min.js
2025-02-18 02:01:11,575 - WARNING - Not Found: /cadastrar-evento/static/lib/tempusdominus/js/moment.min.js
2025-02-18 02:01:11,584 - WARNING - Not Found: /cadastrar-evento/static/lib/tempusdominus/js/moment-timezone.min.js
2025-02-18 02:01:11,593 - WARNING - Not Found: /cadastrar-evento/static/lib/tempusdominus/js/tempusdominus-bootstrap-4.min.js
2025-02-18 02:01:11,599 - WARNING - Not Found: /cadastrar-evento/static/js/main.js
2025-02-18 02:01:11,763 - WARNING - Not Found: /cadastrar-evento/static/lib/wow/wow.min.js
2025-02-18 02:01:11,768 - WARNING - Not Found: /cadastrar-evento/static/lib/counterup/counterup.min.js
2025-02-18 02:01:11,777 - WARNING - Not Found: /cadastrar-evento/static/lib/easing/easing.min.js
2025-02-18 02:01:11,783 - WARNING - Not Found: /cadastrar-evento/static/lib/waypoints/waypoints.min.js
2025-02-18 02:01:11,790 - WARNING - Not Found: /cadastrar-evento/static/lib/owlcarousel/owl.carousel.min.js
2025-02-18 02:01:11,797 - WARNING - Not Found: /cadastrar-evento/static/lib/tempusdominus/js/moment.min.js
2025-02-18 02:01:11,809 - WARNING - Not Found: /cadastrar-evento/static/lib/tempusdominus/js/moment-timezone.min.js
2025-02-18 02:01:11,815 - WARNING - Not Found: /cadastrar-evento/static/lib/tempusdominus/js/tempusdominus-bootstrap-4.min.js
2025-02-18 02:01:11,824 - WARNING - Not Found: /cadastrar-evento/static/js/main.js
2025-02-18 02:01:11,974 - WARNING - Not Found: /cadastrar-evento/static/lib/wow/wow.min.js
2025-02-18 02:01:11,978 - WARNING - Not Found: /cadastrar-evento/static/lib/easing/easing.min.js
2025-02-18 02:01:11,979 - WARNING - Not Found: /cadastrar-evento/static/lib/waypoints/waypoints.min.js
2025-02-18 02:01:11,989 - WARNING - Not Found: /cadastrar-evento/static/lib/counterup/counterup.min.js
2025-02-18 02:01:11,995 - WARNING - Not Found: /cadastrar-evento/static/lib/owlcarousel/owl.carousel.min.js
2025-02-18 02:01:12,007 - WARNING - Not Found: /cadastrar-evento/static/lib/tempusdominus/js/moment.min.js
2025-02-18 02:01:12,010 - WARNING - Not Found: /cadastrar-evento/static/lib/tempusdominus/js/moment-timezone.min.js
2025-02-18 02:01:12,019 - WARNING - Not Found: /cadastrar-evento/static/lib/tempusdominus/js/tempusdominus-bootstrap-4.min.js
2025-02-18 02:01:12,029 - WARNING - Not Found: /cadastrar-evento/static/js/main.js
2025-02-18 02:01:12,142 - WARNING - Not Found: /cadastrar-evento/static/lib/easing/easing.min.js
2025-02-18 02:01:12,147 - WARNING - Not Found: /cadastrar-evento/static/lib/wow/wow.min.js
2025-02-18 02:01:12,157 - WARNING - Not Found: /cadastrar-evento/static/lib/counterup/counterup.min.js
2025-02-18 02:01:12,160 - WARNING - Not Found: /cadastrar-evento/static/lib/waypoints/waypoints.min.js
2025-02-18 02:01:12,164 - WARNING - Not Found: /cadastrar-evento/static/lib/owlcarousel/owl.carousel.min.js
2025-02-18 02:01:12,174 - WARNING - Not Found: /cadastrar-evento/static/lib/tempusdominus/js/moment-timezone.min.js
2025-02-18 02:01:12,180 - WARNING - Not Found: /cadastrar-evento/static/lib/tempusdominus/js/tempusdominus-bootstrap-4.min.js
2025-02-18 02:01:12,188 - WARNING - Not Found: /cadastrar-evento/static/lib/tempusdominus/js/moment.min.js
2025-02-18 02:01:12,193 - WARNING - Not Found: /cadastrar-evento/static/js/main.js
2025-02-18 02:01:57,413 - WARNING - Not Found: /cadastrar-evento/static/lib/waypoints/waypoints.min.js
2025-02-18 02:01:57,419 - WARNING - Not Found: /cadastrar-evento/static/lib/wow/wow.min.js
2025-02-18 02:01:57,425 - WARNING - Not Found: /cadastrar-evento/static/lib/easing/easing.min.js
2025-02-18 02:01:57,437 - WARNING - Not Found: /cadastrar-evento/static/lib/counterup/counterup.min.js
2025-02-18 02:01:57,444 - WARNING - Not Found: /cadastrar-evento/static/lib/owlcarousel/owl.carousel.min.js
2025-02-18 02:01:57,457 - WARNING - Not Found: /cadastrar-evento/static/lib/tempusdominus/js/moment.min.js
2025-02-18 02:01:57,467 - WARNING - Not Found: /cadastrar-evento/static/lib/tempusdominus/js/moment-timezone.min.js
2025-02-18 02:01:57,477 - WARNING - Not Found: /cadastrar-evento/static/lib/tempusdominus/js/tempusdominus-bootstrap-4.min.js
2025-02-18 02:01:57,487 - WARNING - Not Found: /cadastrar-evento/static/js/main.js
2025-02-18 02:01:58,421 - WARNING - Not Found: /cadastrar-evento/static/lib/easing/easing.min.js
2025-02-18 02:01:58,425 - WARNING - Not Found: /cadastrar-evento/static/lib/wow/wow.min.js
2025-02-18 02:01:58,432 - WARNING - Not Found: /cadastrar-evento/static/lib/counterup/counterup.min.js
2025-02-18 02:01:58,439 - WARNING - Not Found: /cadastrar-evento/static/lib/waypoints/waypoints.min.js
2025-02-18 02:01:58,449 - WARNING - Not Found: /cadastrar-evento/static/lib/owlcarousel/owl.carousel.min.js
2025-02-18 02:01:58,455 - WARNING - Not Found: /cadastrar-evento/static/lib/tempusdominus/js/moment.min.js
2025-02-18 02:01:58,465 - WARNING - Not Found: /cadastrar-evento/static/lib/tempusdominus/js/moment-timezone.min.js
2025-02-18 02:01:58,471 - WARNING - Not Found: /cadastrar-evento/static/lib/tempusdominus/js/tempusdominus-bootstrap-4.min.js
2025-02-18 02:01:58,477 - WARNING - Not Found: /cadastrar-evento/static/js/main.js
2025-02-18 02:01:58,806 - WARNING - Not Found: /cadastrar-evento/static/lib/counterup/counterup.min.js
2025-02-18 02:01:58,809 - WARNING - Not Found: /cadastrar-evento/static/lib/wow/wow.min.js
2025-02-18 02:01:58,814 - WARNING - Not Found: /cadastrar-evento/static/lib/easing/easing.min.js
2025-02-18 02:01:58,818 - WARNING - Not Found: /cadastrar-evento/static/lib/waypoints/waypoints.min.js
2025-02-18 02:01:58,828 - WARNING - Not Found: /cadastrar-evento/static/lib/owlcarousel/owl.carousel.min.js
2025-02-18 02:01:58,836 - WARNING - Not Found: /cadastrar-evento/static/lib/tempusdominus/js/moment.min.js
2025-02-18 02:01:58,843 - WARNING - Not Found: /cadastrar-evento/static/lib/tempusdominus/js/moment-timezone.min.js
2025-02-18 02:01:58,855 - WARNING - Not Found: /cadastrar-evento/static/js/main.js
2025-02-18 02:01:58,859 - WARNING - Not Found: /cadastrar-evento/static/lib/tempusdominus/js/tempusdominus-bootstrap-4.min.js
2025-02-18 02:01:59,007 - WARNING - Not Found: /cadastrar-evento/static/lib/wow/wow.min.js
2025-02-18 02:01:59,010 - WARNING - Not Found: /cadastrar-evento/static/lib/easing/easing.min.js
2025-02-18 02:01:59,014 - WARNING - Not Found: /cadastrar-evento/static/lib/waypoints/waypoints.min.js
2025-02-18 02:01:59,018 - WARNING - Not Found: /cadastrar-evento/static/lib/counterup/counterup.min.js
2025-02-18 02:01:59,026 - WARNING - Not Found: /cadastrar-evento/static/lib/owlcarousel/owl.carousel.min.js
2025-02-18 02:01:59,035 - WARNING - Not Found: /cadastrar-evento/static/lib/tempusdominus/js/moment.min.js
2025-02-18 02:01:59,040 - WARNING - Not Found: /cadastrar-evento/static/lib/tempusdominus/js/moment-timezone.min.js
2025-02-18 02:01:59,049 - WARNING - Not Found: /cadastrar-evento/static/lib/tempusdominus/js/tempusdominus-bootstrap-4.min.js
2025-02-18 02:01:59,055 - WARNING - Not Found: /cadastrar-evento/static/js/main.js
2025-02-18 02:01:59,192 - WARNING - Not Found: /cadastrar-evento/static/lib/waypoints/waypoints.min.js
2025-02-18 02:01:59,198 - WARNING - Not Found: /cadastrar-evento/static/lib/counterup/counterup.min.js
2025-02-18 02:01:59,202 - WARNING - Not Found: /cadastrar-evento/static/lib/wow/wow.min.js
2025-02-18 02:01:59,207 - WARNING - Not Found: /cadastrar-evento/static/lib/easing/easing.min.js
2025-02-18 02:01:59,218 - WARNING - Not Found: /cadastrar-evento/static/lib/owlcarousel/owl.carousel.min.js
2025-02-18 02:01:59,222 - WARNING - Not Found: /cadastrar-evento/static/lib/tempusdominus/js/moment.min.js
2025-02-18 02:01:59,230 - WARNING - Not Found: /cadastrar-evento/static/lib/tempusdominus/js/moment-timezone.min.js
2025-02-18 02:01:59,236 - WARNING - Not Found: /cadastrar-evento/static/lib/tempusdominus/js/tempusdominus-bootstrap-4.min.js
2025-02-18 02:01:59,241 - WARNING - Not Found: /cadastrar-evento/static/js/main.js
2025-02-18 02:01:59,788 - WARNING - Not Found: /cadastrar-evento/static/lib/wow/wow.min.js
2025-02-18 02:01:59,804 - WARNING - Not Found: /cadastrar-evento/static/lib/easing/easing.min.js
2025-02-18 02:01:59,808 - WARNING - Not Found: /cadastrar-evento/static/lib/counterup/counterup.min.js
2025-02-18 02:01:59,814 - WARNING - Not Found: /cadastrar-evento/static/lib/waypoints/waypoints.min.js
2025-02-18 02:01:59,817 - WARNING - Not Found: /cadastrar-evento/static/lib/owlcarousel/owl.carousel.min.js
2025-02-18 02:01:59,822 - WARNING - Not Found: /cadastrar-evento/static/lib/tempusdominus/js/moment.min.js
2025-02-18 02:01:59,830 - WARNING - Not Found: /cadastrar-evento/static/lib/tempusdominus/js/moment-timezone.min.js
2025-02-18 02:01:59,835 - WARNING - Not Found: /cadastrar-evento/static/lib/tempusdominus/js/tempusdominus-bootstrap-4.min.js
2025-02-18 02:01:59,841 - WARNING - Not Found: /cadastrar-evento/static/js/main.js
2025-02-18 02:02:00,425 - WARNING - Not Found: /cadastrar-evento/static/lib/wow/wow.min.js
2025-02-18 02:02:00,440 - WARNING - Not Found: /cadastrar-evento/static/lib/easing/easing.min.js
2025-02-18 02:02:00,447 - WARNING - Not Found: /cadastrar-evento/static/lib/counterup/counterup.min.js
2025-02-18 02:02:00,450 - WARNING - Not Found: /cadastrar-evento/static/lib/waypoints/waypoints.min.js
2025-02-18 02:02:00,455 - WARNING - Not Found: /cadastrar-evento/static/lib/owlcarousel/owl.carousel.min.js
2025-02-18 02:02:00,463 - WARNING - Not Found: /cadastrar-evento/static/lib/tempusdominus/js/moment.min.js
2025-02-18 02:02:00,469 - WARNING - Not Found: /cadastrar-evento/static/lib/tempusdominus/js/moment-timezone.min.js
2025-02-18 02:02:00,473 - WARNING - Not Found: /cadastrar-evento/static/lib/tempusdominus/js/tempusdominus-bootstrap-4.min.js
2025-02-18 02:02:00,484 - WARNING - Not Found: /cadastrar-evento/static/js/main.js
2025-02-18 02:02:01,009 - WARNING - Not Found: /cadastrar-evento/static/lib/wow/wow.min.js
2025-02-18 02:02:01,027 - WARNING - Not Found: /cadastrar-evento/static/lib/easing/easing.min.js
2025-02-18 02:02:01,031 - WARNING - Not Found: /cadastrar-evento/static/lib/waypoints/waypoints.min.js
2025-02-18 02:02:01,037 - WARNING - Not Found: /cadastrar-evento/static/lib/counterup/counterup.min.js
2025-02-18 02:02:01,040 - WARNING - Not Found: /cadastrar-evento/static/lib/owlcarousel/owl.carousel.min.js
2025-02-18 02:02:01,047 - WARNING - Not Found: /cadastrar-evento/static/lib/tempusdominus/js/moment.min.js
2025-02-18 02:02:01,053 - WARNING - Not Found: /cadastrar-evento/static/lib/tempusdominus/js/moment-timezone.min.js
2025-02-18 02:02:01,058 - WARNING - Not Found: /cadastrar-evento/static/lib/tempusdominus/js/tempusdominus-bootstrap-4.min.js
2025-02-18 02:02:01,069 - WARNING - Not Found: /cadastrar-evento/static/js/main.js
2025-02-18 02:02:01,350 - WARNING - Not Found: /cadastrar-evento/static/lib/wow/wow.min.js
2025-02-18 02:02:01,358 - WARNING - Not Found: /cadastrar-evento/static/lib/waypoints/waypoints.min.js
2025-02-18 02:02:01,364 - WARNING - Not Found: /cadastrar-evento/static/lib/counterup/counterup.min.js
2025-02-18 02:02:01,368 - WARNING - Not Found: /cadastrar-evento/static/lib/easing/easing.min.js
2025-02-18 02:02:01,374 - WARNING - Not Found: /cadastrar-evento/static/lib/owlcarousel/owl.carousel.min.js
2025-02-18 02:02:01,381 - WARNING - Not Found: /cadastrar-evento/static/lib/tempusdominus/js/moment.min.js
2025-02-18 02:02:01,386 - WARNING - Not Found: /cadastrar-evento/static/lib/tempusdominus/js/moment-timezone.min.js
2025-02-18 02:02:01,393 - WARNING - Not Found: /cadastrar-evento/static/lib/tempusdominus/js/tempusdominus-bootstrap-4.min.js
2025-02-18 02:02:01,405 - WARNING - Not Found: /cadastrar-evento/static/js/main.js
2025-02-18 02:02:01,580 - WARNING - Not Found: /cadastrar-evento/static/lib/wow/wow.min.js
2025-02-18 02:02:01,587 - WARNING - Not Found: /cadastrar-evento/static/lib/easing/easing.min.js
2025-02-18 02:02:01,595 - WARNING - Not Found: /cadastrar-evento/static/lib/waypoints/waypoints.min.js
2025-02-18 02:02:01,599 - WARNING - Not Found: /cadastrar-evento/static/lib/owlcarousel/owl.carousel.min.js
2025-02-18 02:02:01,602 - WARNING - Not Found: /cadastrar-evento/static/lib/counterup/counterup.min.js
2025-02-18 02:02:01,608 - WARNING - Not Found: /cadastrar-evento/static/lib/tempusdominus/js/moment.min.js
2025-02-18 02:02:01,616 - WARNING - Not Found: /cadastrar-evento/static/lib/tempusdominus/js/moment-timezone.min.js
2025-02-18 02:02:01,621 - WARNING - Not Found: /cadastrar-evento/static/lib/tempusdominus/js/tempusdominus-bootstrap-4.min.js
2025-02-18 02:02:01,627 - WARNING - Not Found: /cadastrar-evento/static/js/main.js
2025-02-18 02:02:02,976 - WARNING - Not Found: /produtos/img/payment.png
2025-02-18 02:02:02,981 - WARNING - Not Found: /produtos/static/lib/wow/wow.min.js
2025-02-18 02:02:02,994 - WARNING - Not Found: /produtos/static/lib/easing/easing.min.js
2025-02-18 02:02:03,003 - WARNING - Not Found: /produtos/static/lib/waypoints/waypoints.min.js
2025-02-18 02:02:03,007 - WARNING - Not Found: /produtos/static/lib/counterup/counterup.min.js
2025-02-18 02:02:03,014 - WARNING - Not Found: /produtos/static/lib/owlcarousel/owl.carousel.min.js
2025-02-18 02:02:03,019 - WARNING - Not Found: /produtos/static/lib/tempusdominus/js/moment.min.js
2025-02-18 02:02:03,024 - WARNING - Not Found: /produtos/static/lib/tempusdominus/js/tempusdominus-bootstrap-4.min.js
2025-02-18 02:02:03,034 - WARNING - Not Found: /produtos/static/lib/tempusdominus/js/moment-timezone.min.js
2025-02-18 02:02:03,041 - WARNING - Not Found: /produtos/static/js/main.js
2025-02-18 02:02:08,504 - WARNING - Not Found: /produtos/static/lib/wow/wow.min.js
2025-02-18 02:02:08,508 - WARNING - Not Found: /produtos/img/payment.png
2025-02-18 02:02:08,522 - WARNING - Not Found: /produtos/static/lib/easing/easing.min.js
2025-02-18 02:02:08,531 - WARNING - Not Found: /produtos/static/lib/owlcarousel/owl.carousel.min.js
2025-02-18 02:02:08,535 - WARNING - Not Found: /produtos/static/lib/counterup/counterup.min.js
2025-02-18 02:02:08,544 - WARNING - Not Found: /produtos/static/lib/tempusdominus/js/moment.min.js
2025-02-18 02:02:08,548 - WARNING - Not Found: /produtos/static/lib/waypoints/waypoints.min.js
2025-02-18 02:02:08,554 - WARNING - Not Found: /produtos/static/lib/tempusdominus/js/moment-timezone.min.js
2025-02-18 02:02:08,559 - WARNING - Not Found: /produtos/static/lib/tempusdominus/js/tempusdominus-bootstrap-4.min.js
2025-02-18 02:02:08,564 - WARNING - Not Found: /produtos/static/js/main.js
2025-02-18 02:02:14,450 - DEBUG - Starting new HTTPS connection (1): api.mercadopago.com:443
2025-02-18 02:02:15,035 - DEBUG - https://api.mercadopago.com:443 "POST /checkout/preferences HTTP/1.1" 201 820
2025-02-18 02:02:15,076 - WARNING - Not Found: /carrinho/static/lib/wow/wow.min.js
2025-02-18 02:02:15,082 - WARNING - Not Found: /carrinho/static/lib/easing/easing.min.js
2025-02-18 02:02:15,086 - WARNING - Not Found: /carrinho/static/lib/counterup/counterup.min.js
2025-02-18 02:02:15,089 - WARNING - Not Found: /carrinho/static/lib/waypoints/waypoints.min.js
2025-02-18 02:02:15,100 - WARNING - Not Found: /carrinho/static/lib/owlcarousel/owl.carousel.min.js
2025-02-18 02:02:15,105 - WARNING - Not Found: /carrinho/static/lib/tempusdominus/js/moment.min.js
2025-02-18 02:02:15,115 - WARNING - Not Found: /carrinho/static/lib/tempusdominus/js/moment-timezone.min.js
2025-02-18 02:02:15,120 - WARNING - Not Found: /carrinho/static/lib/tempusdominus/js/tempusdominus-bootstrap-4.min.js
2025-02-18 02:02:15,132 - WARNING - Not Found: /carrinho/static/js/main.js
2025-02-18 02:02:16,964 - WARNING - Not Found: /cadastrar-evento/static/lib/waypoints/waypoints.min.js
2025-02-18 02:02:16,968 - WARNING - Not Found: /cadastrar-evento/static/lib/easing/easing.min.js
2025-02-18 02:02:16,972 - WARNING - Not Found: /cadastrar-evento/static/lib/wow/wow.min.js
2025-02-18 02:02:16,976 - WARNING - Not Found: /cadastrar-evento/static/lib/counterup/counterup.min.js
2025-02-18 02:02:16,983 - WARNING - Not Found: /cadastrar-evento/static/lib/owlcarousel/owl.carousel.min.js
2025-02-18 02:02:16,993 - WARNING - Not Found: /cadastrar-evento/static/lib/tempusdominus/js/moment.min.js
2025-02-18 02:02:17,002 - WARNING - Not Found: /cadastrar-evento/static/lib/tempusdominus/js/moment-timezone.min.js
2025-02-18 02:02:17,006 - WARNING - Not Found: /cadastrar-evento/static/lib/tempusdominus/js/tempusdominus-bootstrap-4.min.js
2025-02-18 02:02:17,014 - WARNING - Not Found: /cadastrar-evento/static/js/main.js
2025-02-18 02:02:55,801 - WARNING - Not Found: /favicon.ico
2025-02-18 02:03:42,502 - WARNING - Not Found: /favicon.ico
2025-02-18 02:04:45,100 - WARNING - Not Found: /favicon.ico
2025-02-18 02:04:45,530 - WARNING - Not Found: /favicon.ico
2025-02-18 02:05:44,246 - DEBUG - Starting new HTTPS connection (1): api.mercadopago.com:443
2025-02-18 02:05:44,866 - DEBUG - https://api.mercadopago.com:443 "POST /checkout/preferences HTTP/1.1" 201 821
2025-02-18 02:06:00,920 - DEBUG - Starting new HTTPS connection (1): api.mercadopago.com:443
2025-02-18 02:06:01,397 - DEBUG - https://api.mercadopago.com:443 "POST /checkout/preferences HTTP/1.1" 201 823
